1745343515.8256612,16,-63,492,13,40,41,-7,-3,-41,-42,-1,-7,41,41,10,15,-38,-35,-24,-37,-30,-6,3,-1,23,7,-5,-1,14,-41,25,19,-7,-77,87,42,26,-1,-1,31,5,29,32,27,-28,1,-52,-22,-6,-48,-110,-11,-17,10,22
1745343516.1316862,22,-63,495,-38,18,16,41,42,-11,-6,-43,-43,1,-3,43,42,8,18,-42,3,-45,30,26,-29,-21,25,0,-29,7,-12,-69,-7,15,-88,-91,-23,28,-52,-10,6,30,-30,47,35,3,62,18,24,-27,84,-63,29,-2,-22,-31
1745343516.4221718,32,-64,498,-12,-76,-77,2,-5,76,75,14,23,-73,-70,-31,-41,65,56,55,98,58,-70,-33,49,-26,-10,44,-5,-78,65,92,-34,-18,111,3,-32,-30,99,-11,-36,-3,-80,-61,-1,45,-126,19,34,35,10,77,-15,9,65,54
1745343516.7311656,8,-60,501,-23,-43,-46,17,13,48,49,-6,0,-50,-49,-4,-9,48,45,19,33,65,12,-25,24,-3,-1,13,41,-13,21,-19,-11,7,50,-104,-53,-30,36,35,-49,-4,-43,-27,-42,40,-6,38,-1,13,66,96,0,6,-35,20
1745343517.0226164,22,-66,504,-28,-11,-16,26,24,18,22,-22,-20,-23,-26,17,14,27,32,-9,46,-44,12,23,-2,-47,12,3,-24,-13,41,-53,-3,10,22,-121,-22,22,-31,-29,-5,28,-49,11,15,15,17,77,24,7,105,62,0,6,18,-45
1745343517.3292098,13,-64,507,31,5,8,-30,-29,-12,-15,27,26,18,21,-23,-20,-24,-29,14,-70,10,0,30,8,35,4,3,23,19,0,43,29,-29,14,116,52,-30,-23,-20,16,-33,43,-11,-23,-36,-34,-47,-23,21,-112,-37,-3,13,22,-2
1745343517.6204817,31,-62,510,51,-48,-40,-57,-61,36,27,65,69,-19,-10,-70,-71,3,-10,71,4,89,-35,-54,25,19,-42,23,23,-24,-8,100,-20,-8,75,94,8,-43,87,44,-8,-36,3,-90,-10,2,-90,-82,3,17,-71,29,-22,-1,-14,91
1745343517.9200878,13,-62,513,27,-30,-28,-30,-34,23,19,36,38,-16,-11,-39,-40,7,-1,42,-6,65,23,-8,19,2,-12,-1,20,2,24,21,-12,0,108,24,-9,-53,-16,24,-14,-27,8,-51,-39,-1,-41,4,0,6,-61,97,7,3,0,-23
1745343518.2271693,10,-62,516,19,-39,-38,-22,-25,35,32,30,33,-27,-24,-37,-39,19,10,43,-7,69,27,-30,23,6,-14,1,33,2,21,17,-9,-2,123,-16,-21,-58,2,62,-28,-32,-3,-54,-47,14,-36,8,-11,14,-28,119,9,0,-40,-25
1745343518.5355902,29,-63,519,38,-53,-48,-43,-49,44,38,54,58,-30,-23,-62,-63,18,4,68,25,92,-50,-40,34,16,-33,14,18,-31,9,89,-20,-4,85,91,-2,-44,89,27,-16,-34,-4,-75,-15,0,-101,-47,2,11,-83,44,-19,13,8,79
1745343518.8389742,24,-62,522,-50,-4,-9,50,49,15,21,-46,-43,-26,-30,41,36,35,43,-29,63,-48,13,47,8,-49,23,16,-23,-29,35,-59,0,-1,-7,-126,-41,22,-47,-48,-18,38,-60,23,14,32,26,68,14,10,103,30,31,4,24,-51
1745343519.123005,35,-63,525,-20,-85,-87,10,1,88,87,7,18,-85,-83,-28,-39,78,71,55,106,49,-99,-10,30,-14,-19,57,-8,-48,58,83,-12,25,81,-6,-51,-34,114,-46,-26,-5,-106,-52,23,24,-126,16,24,0,34,-6,-4,26,60,52
1745343519.4199455,21,-62,528,-41,-13,-16,40,38,20,24,-35,-32,-28,-32,29,24,35,40,-17,55,-28,17,29,8,-45,18,17,-12,-29,28,-53,-5,-3,0,-126,-39,14,-31,-22,-17,31,-57,12,8,28,23,52,21,3,101,31,21,7,-2,-36
1745343519.722095,10,-61,531,50,-6,-1,-51,-50,-4,-11,49,48,15,21,-46,-42,-26,-35,36,-59,29,43,-2,8,22,-4,-13,14,35,3,31,-1,-4,83,89,33,-46,-44,33,10,-40,42,-40,-36,-40,-26,-30,-19,-17,-118,45,-2,0,2,-48
1745343520.0216222,32,-62,534,73,35,43,-69,-64,-50,-57,57,49,65,69,-42,-34,-74,-81,18,-94,45,59,-78,-11,31,-25,-47,31,23,-101,14,-12,-12,-70,92,55,-15,-19,116,29,-21,94,-33,-23,-13,55,-109,-24,-1,-19,-25,-14,-18,-79,23
1745343520.3343108,3,-68,537,-7,-24,-24,4,1,25,25,1,4,-25,-24,-7,-10,23,17,14,-23,102,18,-59,17,4,-13,-12,56,-3,13,5,-20,10,95,-53,-35,-45,71,90,-38,-18,-2,-15,-47,13,-42,18,-17,15,21,125,-42,-4,-89,36
1745343520.624059,25,-62,540,31,-36,-32,-35,-38,29,25,41,44,-19,-14,-46,-48,7,-1,49,2,63,-52,-21,19,33,-35,9,26,4,22,62,3,7,105,62,7,-41,68,-3,-18,-34,12,-59,-30,0,-69,-16,-14,16,-78,66,-22,14,23,45
1745343520.9324398,36,-63,543,78,-45,-34,-82,-86,24,17,87,90,-4,5,-90,-88,-13,-34,86,-11,102,-18,-81,25,18,-66,15,38,-22,-56,90,-29,-7,30,67,22,-55,79,91,-3,-32,22,-119,-14,20,-53,-115,8,15,11,51,-25,15,-45,86
1745343521.2232547,11,-61,546,-26,40,36,31,36,-32,-28,-38,-42,23,20,43,46,-15,-4,-48,10,-75,-36,8,-26,-14,4,0,-24,-9,-29,-16,20,6,-116,-8,9,60,21,-34,21,32,2,53,43,0,48,0,-1,-5,76,-99,-8,-13,4,34
1745343521.524932,19,-62,549,9,44,45,-4,1,-45,-45,-6,-12,43,42,17,21,-40,-34,-30,-37,-60,2,-29,-41,8,0,-17,-15,18,-60,1,17,7,-118,37,35,44,2,30,45,4,35,47,31,-22,50,-43,-14,-22,11,-120,-12,-19,-38,14
1745343521.8195503,27,-61,552,-67,7,0,67,67,5,12,-66,-64,-22,-30,60,57,36,47,-49,68,-65,13,64,12,-41,32,15,-28,-19,49,-64,3,-4,4,-126,-53,29,-50,-66,-24,48,-59,45,22,29,30,93,23,1,92,32,32,-3,40,-62
1745343522.1221187,16,-62,555,-33,31,27,36,39,-23,-17,-42,-43,13,7,44,45,-3,7,-45,29,-74,0,-24,-30,-17,10,-11,-15,-6,-32,-38,26,12,-108,-64,-8,62,-1,8,21,35,-18,56,43,14,57,11,-3,-15,106,-72,0,-23,-22,1
1745343522.4393842,23,-62,558,50,22,27,-47,-44,-31,-36,42,37,40,45,-30,-26,-48,-54,15,-79,23,-6,-51,-25,47,-20,-22,19,36,-52,41,14,3,-44,115,62,-8,27,53,38,-38,69,-4,-10,-41,2,-74,-29,-11,-86,-71,-31,-2,-37,40
1745343522.7395256,1,-71,561,-16,10,8,17,17,-6,-4,-18,-18,2,0,18,18,1,4,-14,100,41,-49,-58,4,-25,-23,-11,3,-61,12,-11,13,26,2,-82,-52,34,103,-39,-23,37,-3,-6,1,51,8,54,4,22,116,32,-23,39,24,85
1745343523.0288188,30,-62,564,-9,79,78,19,30,-75,-71,-37,-44,67,61,52,59,-54,-42,-71,-67,-86,65,18,-41,-6,23,-33,-25,34,-44,-82,3,-15,-108,-49,19,58,-86,18,35,31,48,75,23,-17,123,15,3,-18,50,-56,3,-32,-55,-65
1745343523.3292677,36,-63,567,9,-87,-87,-18,-28,83,78,40,46,-74,-67,-55,-63,59,48,75,75,80,-56,-23,36,-11,-19,52,9,-48,22,84,-26,18,59,5,-25,-52,90,-3,-28,-11,-84,-82,0,31,-120,-29,15,10,45,34,0,29,56,81
1745343523.6244926,25,-62,570,52,19,24,-50,-47,-30,-35,43,38,40,44,-34,-29,-48,-54,16,-88,16,4,-45,-30,39,-15,-19,12,34,-62,37,1,0,-59,106,60,-7,14,54,41,-33,63,-5,-5,-40,9,-88,-19,-16,-77,-90,-26,-3,-51,45
1745343523.9259105,10,-60,573,-40,-23,-28,38,33,32,37,-29,-26,-39,-43,20,16,44,46,-7,63,28,5,-34,21,-24,4,-9,21,-29,25,-38,-7,9,32,-106,-63,2,31,31,-46,18,-42,1,-13,49,0,61,5,18,90,87,0,-14,-33,5
1745343524.223632,14,-61,576,-4,41,41,10,14,-39,-36,-19,-22,35,32,27,31,-28,-21,-36,-19,-66,-29,-9,-30,0,-9,-4,-16,2,-48,-8,20,-1,-109,8,29,49,17,-10,34,21,17,39,42,-6,54,-33,-3,-9,48,-111,-15,-6,-13,19
1745343524.5334494,0,-69,579,13,-17,-15,-15,-17,13,11,18,20,-9,-7,-20,-21,4,3,19,-50,-87,15,83,-9,15,21,31,-22,38,-12,6,5,-36,-54,62,52,6,-111,-36,32,-25,-24,-1,29,-36,8,-58,5,-16,-77,-95,39,-29,31,-74
1745343524.832254,26,-63,582,41,39,43,-36,-31,-47,-50,25,20,53,55,-13,-6,-56,-57,-5,-99,-13,38,-28,-38,24,2,-19,10,35,-67,11,10,-12,-97,84,55,23,-24,56,45,-11,56,17,3,-34,31,-85,-21,-14,-56,-110,-17,-24,-65,30
1745343525.1320338,10,-64,585,12,-29,-27,-16,-19,25,23,21,24,-21,-19,-25,-28,15,8,31,7,62,23,-36,39,1,-8,-18,42,-2,23,9,-1,-6,106,-3,-28,-48,5,63,-30,-31,9,-38,-49,7,-26,17,-16,9,-24,116,6,-6,-44,-39
1745343525.4217308,29,-62,588,-60,-42,-50,53,48,55,60,-42,-32,-65,-69,25,17,71,75,-3,97,-4,-38,39,23,-21,14,41,-12,-28,83,-1,9,4,87,-90,-55,-9,32,-67,-44,14,-81,0,-3,28,-51,86,20,13,41,71,15,25,63,-31
1745343525.7195075,31,-62,591,-79,11,0,80,80,8,16,-78,-76,-24,-32,73,68,41,53,-61,36,-70,5,58,-17,-25,43,15,-34,4,65,-70,10,5,4,-120,-32,23,-34,-62,-15,29,-46,80,7,0,39,121,24,-19,74,17,19,11,36,-83
1745343526.0250118,12,-61,594,21,-42,-39,-26,-30,36,33,34,38,-28,-22,-41,-44,17,9,46,5,52,19,-33,8,-2,-11,-5,24,16,37,0,4,20,115,-44,-10,-39,-12,43,-8,-29,-10,-44,-40,0,-31,30,-19,6,-24,123,-9,5,-16,-48
1745343526.4382854,8,-62,598,41,-11,-6,-43,-42,2,-3,43,42,7,12,-41,-39,-16,-25,33,-57,11,29,-4,1,12,-6,-13,6,44,10,27,0,5,86,75,33,-30,-48,50,20,-41,32,-22,-24,-45,-25,-23,-30,-5,-103,55,-10,-12,-15,-56
1745343526.6295094,16,-64,600,-27,-18,-21,24,22,24,26,-19,-16,-28,-29,13,9,31,33,-2,55,-7,2,-7,-1,-29,-1,4,6,-12,18,-43,8,20,16,-121,-34,0,4,1,-19,15,-37,-5,-10,39,15,51,15,8,88,72,11,10,-19,-17
1745343526.9215965,14,-63,603,20,-32,-29,-23,-26,27,24,30,32,-20,-16,-34,-36,12,4,39,9,58,8,-12,20,-1,-13,-3,20,12,39,10,-8,18,125,-10,-5,-35,-1,25,-12,-25,6,-43,-44,-4,-35,19,-11,8,-38,110,-12,11,-4,-35
1745343527.2337174,16,-63,606,37,-7,-3,-38,-37,-1,-5,37,36,9,13,-35,-33,-17,-25,29,-42,52,-1,-2,22,29,-8,-5,9,16,7,53,-20,-7,66,116,24,-31,-1,6,5,-29,34,-25,-21,-36,-49,-30,-14,-1,-122,19,-11,0,31,-1
1745343527.523702,33,-62,609,-5,-95,-96,-4,-20,94,90,28,39,-88,-82,-50,-57,76,65,73,81,70,-84,-1,32,-4,-22,62,14,-37,56,88,5,18,114,17,-33,-43,102,-25,-31,-29,-86,-70,-7,5,-126,0,1,13,7,43,-6,24,59,66
1745343527.8197603,27,-62,612,-45,-37,-42,40,35,46,50,-29,-23,-54,-55,20,12,57,59,1,90,13,-37,34,42,-11,11,33,6,-31,77,2,7,-2,96,-81,-47,-13,35,-63,-46,10,-58,-12,-17,32,-49,71,3,19,34,89,14,17,54,-9
1745343528.1228251,32,-62,615,-23,80,76,34,40,-73,-68,-47,-55,62,54,63,68,-46,-33,-79,-51,-102,52,46,-32,-12,35,-23,-35,27,-18,-91,-5,-23,-96,-62,9,56,-96,-26,28,38,34,82,22,-8,112,49,6,-21,23,-36,9,-25,-36,-80
1745343528.4279273,30,-62,618,81,25,34,-77,-73,-41,-47,68,61,57,64,-53,-47,-69,-81,30,-95,51,23,-49,-16,31,-27,-26,28,26,-89,24,-15,4,-64,101,49,-12,-15,80,43,-25,85,-35,-12,-26,47,-113,-25,-14,-53,-43,-18,-16,-76,40
1745343528.7321134,32,-62,621,12,-74,-72,-22,-29,70,65,37,46,-60,-56,-52,-59,48,38,67,73,75,-54,-32,24,-15,-19,40,0,-52,36,87,-14,18,105,34,-23,-39,79,-6,-21,-11,-75,-75,5,26,-122,-22,8,9,-17,48,-9,6,61,61
1745343529.0238774,10,-58,624,-32,-56,-60,25,19,62,64,-12,-5,-65,-65,-1,-11,64,60,21,-3,69,35,21,-5,0,33,47,-14,1,64,82,-25,12,93,66,-48,-40,-6,59,-45,-33,-53,8,-34,-14,-88,64,2,-24,-48,104,4,-24,-31,-26
1745343529.3212156,28,-68,627,-21,-3,-5,20,20,7,9,-19,-17,-12,-14,15,14,15,14,-10,13,112,17,-101,-3,33,28,-60,-6,-15,89,18,-19,-7,99,71,-24,-25,113,59,-32,-20,46,17,-15,-4,-55,66,6,18,-87,64,-23,1,-32,72
1745343529.6297693,30,-83,630,2,-4,-4,-2,-3,3,3,4,4,-2,-2,-4,-4,1,0,9,96,70,-84,-60,20,25,-44,-38,-17,-15,52,-15,-17,7,93,7,-29,7,106,-65,-30,3,25,-52,-5,2,-17,46,22,12,-14,62,-31,16,58,76
1745343530.0279477,4,-63,634,-12,-41,-42,7,3,43,43,2,5,-43,-42,-10,-17,40,40,22,0,-125,27,104,6,-19,6,75,-12,-5,-36,-16,65,-41,-65,-41,37,39,-119,-12,24,11,-101,5,24,8,20,-62,-11,28,25,-88,35,2,5,-116
1745343530.425076,26,-81,638,1,4,4,0,0,-4,-4,0,0,4,4,1,1,-4,-6,1,83,95,-65,-71,42,39,-32,-39,-4,-1,55,14,-44,0,83,50,-20,1,98,-69,-48,3,41,-53,-26,-9,-39,44,29,0,-44,64,-38,10,56,72
1745343530.7215333,27,-74,641,8,11,12,-6,-5,-12,-13,3,2,13,14,0,0,-13,-16,-1,34,120,-19,-97,21,54,-15,-51,-7,-3,40,40,-40,-22,49,90,-11,-5,125,-25,-39,-16,72,-36,-17,-16,-50,16,26,15,-69,32,-39,-10,34,82
1745343530.924637,25,-71,643,-4,-18,-18,2,0,18,18,1,3,-18,-17,-6,-8,16,18,8,-21,-118,10,88,-29,-59,15,49,0,-4,-36,-39,47,23,-50,-98,9,4,-124,25,45,16,-78,30,26,24,51,-15,-23,-6,84,-32,37,13,-23,-88
1745343531.1189232,2,-60,645,-21,51,47,29,34,-43,-39,-38,-42,35,30,46,49,-25,-20,-55,-88,75,62,-56,-5,20,35,-49,-4,26,0,42,-81,-14,-1,106,4,-38,86,77,-12,-23,85,73,-7,-44,-52,19,24,-34,-93,7,-12,-33,-57,94
1745343531.4317453,3,-61,648,31,-44,-40,-36,-40,37,32,44,48,-27,-21,-50,-53,15,9,57,98,-59,-68,46,7,-22,-37,46,10,-27,4,-44,78,30,16,-113,-14,38,-76,-98,11,28,-77,-85,5,50,57,-10,-35,30,102,2,4,34,77,-82
1745343531.7205474,3,-61,651,-49,-23,-31,45,41,35,39,-38,-33,-43,-47,28,23,50,53,-18,-75,-89,54,53,-23,-6,49,28,-24,-9,-43,6,17,-79,-118,12,40,13,-84,84,26,-13,-73,83,47,-10,-20,-50,36,28,-10,-100,28,-6,-89,-64
1745343532.0338702,9,-62,654,15,42,43,-11,-5,-44,-44,0,-5,44,43,9,14,-42,-41,-19,21,82,-16,-85,26,25,-24,-60,3,24,31,13,-50,18,93,64,-5,-21,98,-1,-33,-7,99,-20,-46,-19,-23,47,3,-21,-76,90,-10,-6,15,90
1745343532.3293598,10,-62,657,35,-29,-26,-38,-41,20,15,43,45,-10,-4,-46,-46,0,-6,47,69,-58,-74,45,13,-37,-50,48,21,-9,-3,-30,35,40,28,-123,-15,10,-38,-91,4,34,-54,-85,-1,53,49,2,-20,5,106,46,0,9,79,-45
1745343532.6320732,6,-61,660,35,39,42,-30,-26,-45,-49,20,14,51,53,-7,-2,-53,-55,-3,40,87,-41,-57,27,8,-50,-40,9,15,33,-1,-51,41,119,12,-15,-24,102,-38,-27,10,93,-53,-47,1,4,51,-9,-28,-27,122,-16,-7,45,92
1745343532.9207096,29,-65,663,0,39,38,2,7,-38,-37,-12,-16,35,33,19,23,-31,-32,-28,-21,122,21,-75,9,51,-10,-70,5,-3,19,20,-25,-28,15,109,-10,2,113,38,-28,-10,102,6,-18,-9,-14,-7,-1,13,-78,-15,-19,-31,-27,106
1745343533.227802,34,-65,666,-34,-32,-36,29,26,39,43,-19,-14,-44,-46,10,4,47,49,-1,-80,-93,36,63,-49,-8,62,35,-14,17,-21,6,29,-13,-83,-45,3,-6,-94,48,20,-32,-64,83,20,-34,0,5,5,-13,26,-49,24,7,-61,-87
1745343533.521486,3,-60,669,57,10,17,-55,-53,-22,-28,50,46,34,38,-43,-37,-43,-50,32,97,63,-49,-18,26,0,-69,5,14,5,11,-16,-2,76,116,-64,-35,-10,67,-84,-15,15,55,-99,-38,19,31,20,-40,-13,33,108,-22,2,90,63
1745343533.8238952,18,-63,672,-10,-39,-40,5,0,40,40,3,7,-40,-38,-12,-16,37,36,19,-62,-88,10,54,-45,-5,30,50,7,9,-38,16,58,-12,-107,-55,0,-1,-69,27,27,-22,-71,19,30,3,24,-40,-6,1,93,-75,22,-7,-40,-75
1745343534.1252286,3,-60,675,-4,58,57,11,19,-55,-53,-24,-30,49,46,36,41,-42,-38,-48,-59,101,12,-51,1,24,-13,-71,-1,14,15,5,-79,5,73,112,11,-34,83,66,-13,-10,102,49,-19,-36,-15,30,9,-43,-109,38,-2,-21,-58,90
1745343534.4242132,24,-65,678,27,18,22,-24,-21,-25,-27,18,14,30,31,-10,-7,-32,-34,7,105,65,-55,-34,69,2,-63,-12,18,-9,23,-14,-37,30,123,24,0,7,64,-77,-30,29,43,-80,-38,15,-16,15,-7,-1,-65,95,-27,13,80,66
1745343534.7209425,23,-65,681,19,22,24,-17,-14,-26,-27,11,8,28,30,-5,-2,-30,-32,1,88,67,-45,-36,65,7,-52,-20,17,-8,28,-9,-39,23,111,37,-1,6,65,-60,-33,25,49,-63,-38,10,-20,16,-9,0,-73,80,-26,7,62,73
1745343535.0193048,12,-61,684,-49,-5,-10,48,46,17,21,-44,-40,-27,-31,38,33,35,39,-31,-99,3,76,20,-29,20,79,-8,-9,-7,8,23,-3,-56,-97,64,1,0,-42,67,7,-21,-32,95,38,-28,-30,-18,18,10,-14,-126,2,-15,-71,-27
1745343535.3211021,15,-61,687,31,-32,-27,-36,-37,24,19,41,42,-14,-8,-44,-45,3,0,46,55,-90,-53,39,-6,-32,-40,59,4,7,-33,-11,45,39,11,-122,0,0,-32,-60,20,10,-50,-71,2,33,40,-7,-12,0,100,51,13,12,51,-50
1745343535.6196651,28,-66,690,18,26,27,-15,-11,-29,-30,9,4,31,31,-1,2,-32,-34,-3,62,104,-31,-62,36,32,-52,-42,6,-2,19,-1,-42,5,84,73,-9,6,95,-17,-26,4,74,-44,-22,0,-13,-3,-2,0,-84,29,-25,-10,16,98
1745343535.92303,24,-66,693,-14,-24,-26,11,8,27,27,-4,-2,-28,-28,-1,-5,28,29,6,-64,-102,33,51,-50,-27,48,34,-16,7,-22,-1,44,-9,-90,-78,5,-8,-84,25,35,-8,-66,46,34,1,20,0,7,5,100,-46,27,1,-23,-96
1745343536.2269459,31,-64,696,35,19,23,-32,-29,-27,-30,28,23,33,35,-19,-15,-37,-41,13,88,86,-46,-45,40,8,-70,-21,8,-12,6,-12,-30,19,101,37,-5,3,80,-34,-11,17,54,-72,-13,23,0,-16,-7,8,-50,48,-18,-5,36,90
1745343536.5312617,16,-63,699,27,25,28,-25,-21,-31,-33,18,13,35,37,-8,-5,-37,-39,2,96,64,-36,-47,31,-2,-58,-38,-12,0,10,-34,-44,42,122,12,-1,1,55,-24,-11,18,63,-43,-27,-4,0,27,0,-11,-65,98,-11,15,47,58
1745343536.8192773,18,-64,702,-12,-29,-31,8,5,31,32,0,3,-31,-31,-6,-9,30,31,11,-57,-90,15,50,-35,-7,33,49,4,16,-28,20,52,-10,-107,-65,1,-2,-56,5,20,-15,-61,17,20,4,18,-17,0,0,96,-50,17,-8,-22,-74
1745343537.1253445,23,-66,705,16,21,23,-14,-12,-24,-26,9,6,27,27,-2,0,-27,-30,-1,66,104,-34,-52,46,19,-47,-34,18,-16,20,-1,-40,12,90,83,-6,6,72,-15,-29,8,59,-43,-28,3,-18,-8,-12,-5,-106,42,-22,1,13,92
1745343537.433941,7,-61,708,27,38,41,-23,-18,-43,-45,13,7,46,46,-2,3,-46,-48,-7,30,88,-45,-63,15,13,-57,-60,3,4,11,-16,-43,27,105,51,14,-10,71,15,-8,7,78,-21,-34,-14,-2,16,-7,-30,-86,78,-1,12,-15,64
1745343537.7219565,34,-64,711,29,29,33,-25,-20,-36,-39,16,12,40,41,-7,-1,-43,-44,-1,65,103,-31,-51,38,2,-61,-34,24,-15,0,-10,-28,23,85,48,0,-1,63,-1,-8,23,58,-55,-25,34,11,-23,-17,1,-44,41,-2,3,-7,79
1745343538.0237556,9,-61,714,31,-34,-31,-35,-38,26,23,41,44,-15,-10,-45,-46,6,1,48,69,-71,-70,59,10,-19,-58,73,0,-1,-20,-3,37,29,34,-113,5,-10,3,-71,11,6,-37,-72,-12,33,5,0,-29,9,86,90,22,2,55,4
1745343538.3310685,14,-63,717,35,12,17,-33,-31,-21,-24,29,26,26,30,-22,-19,-32,-35,18,119,23,-72,-49,20,-6,-88,-30,-15,2,-12,-29,-19,56,125,-9,0,22,56,-24,-1,16,42,-60,-22,-7,2,9,-2,-21,-57,104,-2,23,38,44
1745343538.6207507,24,-65,720,7,-29,-29,-10,-13,27,26,16,19,-24,-21,-22,-24,18,18,28,65,-109,-47,51,-2,-40,-20,61,-28,-6,-7,-6,27,25,41,-109,16,10,-28,-54,14,14,-64,-29,14,10,-19,19,-1,13,69,86,14,16,75,-27
1745343538.9220657,30,-63,723,-12,-39,-40,8,2,40,40,0,5,-40,-39,-9,-14,38,40,18,-9,-126,-4,63,-23,-20,28,66,-22,9,-5,12,32,0,-38,-93,15,1,-51,-29,11,-9,-76,11,22,-16,-26,20,10,5,68,16,7,5,48,-58
1745343539.2211926,9,-61,726,40,25,29,-37,-33,-33,-37,29,26,40,42,-21,-16,-44,-48,10,84,59,-72,-63,18,7,-84,-51,-1,-3,-5,-22,-20,37,120,28,8,12,65,-12,-1,13,58,-50,-28,-9,2,-3,-11,-31,-75,83,0,30,-2,44
1745343539.5268862,24,-64,729,30,-7,-5,-30,-31,1,-3,31,30,7,10,-29,-28,-13,-16,30,125,5,-64,-17,32,-21,-63,8,-7,-28,0,-7,-9,33,115,-4,-1,22,33,-46,-4,19,-2,-69,-1,17,-26,-15,-12,3,-51,92,-9,20,49,55
1745343539.8252008,10,-61,732,36,-26,-22,-39,-41,18,14,43,44,-9,-2,-45,-45,-1,-6,45,78,-66,-86,41,12,-15,-76,60,-4,1,-22,-1,29,31,70,-96,19,0,13,-66,12,8,-28,-71,-20,22,-3,-2,-34,0,55,98,27,11,41,14
1745343540.1550286,32,-63,735,31,26,29,-28,-25,-31,-34,20,17,36,38,-12,-7,-40,-42,5,86,94,-33,-50,31,-2,-60,-34,14,-23,-3,-12,-23,19,82,51,-10,4,54,-4,-3,18,50,-52,-11,32,13,-30,-15,1,-54,25,-3,1,-11,70
1745343540.4226253,24,-64,738,26,20,23,-23,-20,-26,-28,17,15,30,31,-11,-7,-32,-36,7,74,107,-30,-64,38,10,-48,-46,16,-27,6,-2,-32,14,77,88,-20,12,59,-3,-17,10,55,-48,-13,11,-3,-33,-9,-6,-111,9,-22,5,-12,78
1745343540.72332,6,-61,741,21,44,46,-17,-12,-48,-49,5,0,49,49,6,11,-48,-49,-17,9,108,-25,-93,1,17,-30,-94,2,-8,13,-22,-47,8,76,99,2,4,55,27,-2,9,76,1,-8,-24,6,2,12,-43,-120,20,-11,24,-44,26
1745343541.0244093,18,-65,744,16,-26,-23,-18,-21,22,18,23,26,-15,-12,-27,-28,10,8,30,60,-112,-57,47,-9,-24,-50,61,-25,22,-30,-8,25,35,42,-118,23,13,-13,-48,19,6,-39,-39,-1,-1,0,15,-1,-5,72,96,21,15,58,-28
1745343541.3301663,8,-60,747,39,-27,-23,-42,-44,18,12,47,48,-6,-1,-49,-48,-4,-9,49,89,-49,-89,39,16,-9,-86,52,-7,0,-22,-6,20,34,74,-90,13,0,16,-62,11,5,-18,-72,-21,14,-3,-3,-37,-5,41,110,28,11,31,26
1745343541.6326864,14,-63,750,-27,26,23,30,32,-19,-16,-34,-36,12,7,37,38,-3,-2,-40,-73,98,78,-39,-4,19,78,-60,11,-13,31,-2,-31,-37,-62,105,-29,-18,-7,54,-16,-6,31,62,18,-1,4,1,19,15,-43,-111,-21,-21,-46,3
1745343541.9255927,33,-64,753,13,-40,-38,-17,-22,35,33,25,29,-30,-26,-32,-35,22,21,39,51,-110,-32,49,-19,-28,-10,69,-30,-7,-10,10,27,10,12,-95,8,7,-23,-43,20,-7,-68,-24,40,-2,-38,-1,7,14,44,36,5,-1,64,-10
1745343542.231243,7,-60,756,-22,-42,-45,16,11,46,48,-6,0,-48,-48,-4,-10,46,47,15,-30,-94,28,89,-4,-17,38,94,-3,9,-10,22,33,-12,-76,-85,3,-13,-56,-20,3,-11,-72,6,6,22,-7,3,-11,39,111,-28,15,-26,33,-19
1745343542.5279415,20,-65,759,29,1,4,-29,-28,-7,-10,27,25,13,16,-24,-22,-19,-22,22,122,12,-62,-37,25,-18,-67,-23,-23,-30,3,-20,-17,24,121,10,-8,31,37,-30,-1,21,12,-55,9,6,-24,-9,0,5,-84,81,-10,24,37,51
1745343542.8271134,11,-61,762,-23,-35,-38,18,12,40,41,-8,-4,-42,-42,0,-5,42,42,9,-65,-87,23,94,-14,-14,45,88,3,7,0,24,34,-25,-78,-90,16,-28,-58,-21,8,-12,-69,18,3,23,-7,11,-16,30,106,-26,22,-25,10,-30
1745343543.12689,23,-64,765,21,-25,-23,-24,-27,19,17,28,30,-13,-9,-32,-33,5,4,36,92,-75,-66,20,9,-37,-54,40,-29,-19,-7,-5,11,27,93,-69,13,26,1,-49,11,14,-42,-51,15,5,-38,-1,-2,8,-10,111,6,25,61,18
1745343543.4386246,29,-63,768,24,-34,-31,-28,-32,28,23,35,37,-19,-14,-39,-41,9,6,45,94,-82,-55,33,2,-31,-47,62,-26,-12,-15,6,13,21,69,-73,13,21,-2,-54,14,3,-52,-56,27,3,-41,-15,2,7,0,79,0,14,63,19
1745343543.7243538,33,-64,771,-19,-37,-37,16,11,40,40,-7,-3,-41,-41,-2,-6,40,42,10,-65,-102,19,58,-34,-1,46,56,-23,21,0,14,20,-13,-64,-68,15,-3,-48,-9,7,-19,-61,35,20,-33,-24,31,15,0,56,-4,2,-6,34,-52
1745343544.0269363,16,-63,774,-11,33,31,14,17,-30,-26,-22,-25,24,21,27,30,-17,-17,-30,-11,113,48,-70,7,17,44,-83,9,-25,28,-12,-34,-21,-25,113,-40,-6,21,47,-18,4,49,34,14,7,3,-8,16,13,-92,-75,-28,-10,-37,25
1745343544.3345995,12,-62,777,38,20,25,-35,-32,-29,-32,28,25,35,38,-20,-16,-40,-43,14,109,30,-71,-69,20,2,-87,-60,-10,-8,-14,-21,-17,40,111,41,-6,44,65,-14,0,18,55,-53,-7,-21,1,-12,5,-36,-88,78,-12,32,6,36
1745343544.6256204,13,-62,780,42,4,9,-41,-39,-14,-19,37,34,24,28,-31,-29,-30,-33,27,119,-14,-94,-36,19,-5,-102,-18,-16,0,-23,-16,-6,43,124,-7,7,43,53,-37,6,15,30,-67,-12,-17,-2,-9,-2,-34,-52,103,0,34,22,31
1745343544.9242957,2,-61,783,26,-37,-33,-31,-36,28,24,39,41,-19,-15,-43,-45,9,5,48,99,-49,-68,58,24,-4,-82,66,-14,3,-27,5,34,39,67,-92,-4,16,3,-45,-2,-2,-25,-73,-25,7,-7,-24,-51,15,42,88,20,-6,30,48
1745343545.2283926,3,-61,786,-49,14,8,51,51,-2,2,-51,-51,-8,-15,49,47,20,26,-47,-117,-9,100,-10,-22,-9,112,-11,15,3,27,13,-2,-51,-109,48,7,-11,-27,45,-5,3,-20,78,23,7,-9,21,50,20,4,-106,-25,-9,0,-56
1745343545.5282688,2,-61,789,42,-24,-20,-45,-48,13,6,49,49,-1,4,-49,-48,-9,-15,51,125,-12,-94,30,25,3,-111,28,-16,-2,-30,-5,16,53,105,-71,-8,18,18,-46,1,-3,7,-82,-25,-1,4,-28,-55,-6,9,103,22,1,10,58
1745343545.8288586,25,-63,792,3,-38,-38,-7,-11,36,35,16,19,-33,-29,-24,-27,27,27,31,21,-122,-35,62,-17,-35,-12,71,-31,6,-2,1,28,18,32,-106,32,14,-37,-43,20,2,-72,-13,20,-8,-35,21,0,5,52,90,16,16,62,-23
1745343546.1356163,24,-63,795,-34,4,1,34,34,2,6,-34,-33,-10,-13,31,30,17,20,-31,-126,12,66,18,-27,24,66,-2,15,29,-1,3,9,-30,-112,-6,4,-34,-30,44,-2,-20,2,66,-11,-17,29,24,7,-2,72,-73,9,-20,-34,-51
1745343546.4270563,3,-61,798,3,-49,-48,-10,-14,47,45,20,24,-43,-40,-29,-34,36,34,41,52,-109,-26,95,14,-18,-34,107,-9,14,-21,20,51,19,-3,-125,11,11,-32,-39,1,-6,-63,-44,-12,18,-17,-15,-37,38,96,41,17,-18,50,17
1745343546.7336326,33,-63,801,44,-4,0,-44,-44,-5,-11,42,41,16,21,-39,-35,-25,-29,36,121,-31,-60,1,13,-36,-66,24,-14,-32,-9,-3,3,26,88,-23,0,20,21,-45,20,18,-12,-70,25,37,-17,-33,-8,13,-17,52,4,3,36,50
1745343547.0204692,12,-62,804,-37,-23,-27,34,31,31,34,-26,-22,-38,-40,17,12,42,43,-10,-117,-24,76,70,-23,-1,86,59,15,9,10,20,23,-36,-110,-39,10,-50,-66,16,1,-23,-54,54,9,18,-1,11,-7,36,95,-82,13,-31,-9,-35
1745343547.3248026,31,-62,807,-29,31,26,34,37,-22,-19,-38,-41,14,9,42,43,-4,-2,-45,-80,87,50,-34,5,32,41,-57,29,11,9,-4,-14,-19,-60,67,-13,-20,7,49,-21,-1,47,52,-36,-6,35,15,-2,-11,-6,-58,0,-5,-58,-16
1745343547.7260847,18,-64,811,12,28,30,-8,-4,-31,-31,0,-2,31,31,5,9,-30,-30,-10,80,91,-9,-82,21,4,-14,-84,-5,-39,20,-15,-33,0,55,100,-39,18,49,14,-16,16,51,-12,12,10,-8,-16,9,8,-120,-13,-27,7,-15,51
1745343547.9313333,23,-64,813,13,30,32,-11,-6,-32,-33,3,-1,33,33,4,9,-32,-35,-11,48,123,2,-73,30,17,-13,-65,25,-29,6,5,-29,-1,21,119,-40,3,51,20,-20,8,62,-20,-11,20,11,-37,-6,-3,-97,-51,-23,-4,-42,50
1745343548.2205925,31,-63,816,42,0,6,-41,-40,-13,-17,38,36,20,25,-34,-31,-29,-32,28,124,-8,-60,-10,19,-24,-71,3,-13,-27,-8,-4,-4,20,88,-1,-6,26,30,-40,11,17,4,-69,19,30,-10,-35,-4,10,-37,44,-3,5,25,54
1745343548.5252445,16,-63,819,-18,31,29,21,25,-26,-23,-28,-29,21,17,32,34,-13,-14,-34,-13,125,57,-76,4,16,56,-83,15,-34,26,-3,-24,-25,-38,120,-52,-15,25,53,-24,2,47,41,11,15,5,-7,12,20,-76,-93,-25,-14,-44,20
1745343548.8245752,0,-62,822,-23,-36,-38,18,14,40,41,-10,-3,-42,-42,0,-4,42,46,8,-36,-124,39,89,0,-31,36,110,6,16,0,23,53,-26,-68,-98,32,12,-36,-16,3,4,-80,3,2,28,-38,4,3,53,86,2,-7,-18,64,-10
1745343549.1234498,5,-60,825,47,-25,-18,-50,-52,13,5,53,53,-2,4,-53,-53,-11,-16,54,108,-44,-100,42,21,-2,-111,35,-20,1,-24,-11,7,43,92,-78,15,21,5,-62,15,1,-5,-80,-17,0,0,-20,-49,-14,16,112,30,13,6,44
1745343549.4255,13,-62,828,-32,-26,-29,29,24,32,35,-20,-17,-37,-38,13,7,40,40,-6,-114,-29,61,73,-21,-5,75,70,20,12,8,20,28,-25,-97,-60,23,-51,-62,10,2,-21,-57,40,-6,18,-3,15,-20,28,102,-54,18,-28,-2,-33
1745343549.741699,31,-63,831,29,-30,-27,-32,-36,23,19,38,39,-14,-11,-41,-42,5,2,44,69,-98,-46,36,-7,-31,-43,57,-31,-8,-11,4,10,14,60,-65,17,25,-8,-46,20,2,-48,-50,39,2,-39,-20,8,9,-2,60,2,6,53,20
1745343550.02597,2,-61,834,-43,-21,-27,39,35,32,35,-32,-28,-39,-42,23,18,44,49,-15,-78,-82,75,62,-15,-28,74,76,7,15,7,27,31,-36,-106,-58,22,-9,-40,16,0,0,-70,41,10,22,-31,16,22,49,86,-42,-11,-24,45,-26
1745343550.3281517,14,-62,837,-19,34,31,23,26,-29,-25,-30,-33,21,17,35,37,-13,-12,-37,-9,119,60,-77,-1,24,57,-84,10,-25,21,-12,-23,-26,-40,111,-55,-15,22,55,-22,0,48,43,17,9,18,0,26,19,-68,-91,-29,-13,-30,8
1745343550.6294148,17,-63,840,-2,34,33,6,10,-32,-30,-15,-18,29,27,20,23,-24,-25,-24,40,120,23,-83,16,17,22,-92,8,-36,21,-11,-22,-15,3,119,-56,1,41,32,-22,10,54,13,12,19,11,-14,13,16,-92,-69,-29,-5,-29,30
1745343550.9233823,28,-62,843,31,27,31,-28,-23,-34,-36,20,16,38,39,-11,-6,-41,-43,3,90,69,-34,-51,32,0,-56,-46,9,-33,-8,-8,-17,5,58,72,-29,22,47,-7,-5,17,53,-47,1,33,21,-44,-4,6,-76,-22,-16,1,-23,50
1745343551.2229705,20,-64,846,-9,32,30,13,16,-28,-26,-19,-22,24,21,25,26,-18,-19,-27,0,126,45,-66,18,26,43,-66,36,-28,16,6,-12,-14,-48,110,-51,-22,31,43,-28,0,52,19,-12,27,25,-19,-8,8,-56,-109,-22,-17,-51,19
1745343551.5240722,11,-60,849,15,-48,-45,-20,-26,42,40,30,36,-34,-30,-39,-42,27,22,45,-30,-124,-41,100,-7,-27,-30,109,-7,18,-14,15,35,17,14,-118,61,-6,-48,-57,27,-7,-69,-37,-13,8,-25,-2,-43,5,92,80,37,4,27,-4
1745343551.8313847,30,-62,852,31,-32,-27,-35,-38,22,18,39,42,-14,-9,-43,-44,3,0,46,64,-111,-45,41,-8,-36,-41,61,-36,-7,-9,5,6,18,63,-64,25,29,-12,-47,24,4,-50,-51,40,1,-39,-21,6,7,-7,65,0,9,54,19
1745343552.129841,34,-63,855,-43,-1,-6,42,41,12,16,-39,-37,-20,-24,35,32,28,31,-29,-110,50,55,-8,-14,41,63,-24,17,29,5,3,-1,-19,-81,20,-2,-26,-13,43,-19,-20,10,65,-25,-39,13,37,5,-15,22,-43,-6,-3,-27,-48
1745343552.421115,23,-64,858,-3,-34,-35,-1,-4,34,33,8,12,-32,-31,-15,-19,28,29,21,-38,-118,-13,71,-31,-23,-4,68,-30,30,-5,-7,23,9,10,-108,52,5,-45,-28,26,-7,-61,7,16,-27,-27,30,5,0,68,92,22,11,50,-31
1745343552.728999,18,-63,861,-35,-1,-6,35,33,9,12,-32,-31,-15,-20,29,26,24,23,-25,-112,66,88,7,-12,24,94,10,47,6,8,25,14,-22,-115,19,-8,-62,-28,50,-15,-26,-5,52,-26,12,18,5,-17,9,69,-105,4,-29,-37,-32
1745343553.0254183,1,-62,864,-41,19,16,42,44,-9,-5,-45,-45,0,-4,45,45,9,14,-47,-124,37,97,-37,-34,1,118,-27,23,-6,25,6,-14,-55,-103,62,5,-35,-6,41,0,-3,-1,81,22,0,0,42,53,4,15,-80,-27,3,6,-63
1745343553.3235188,7,-59,867,47,31,35,-44,-39,-40,-45,34,27,48,51,-23,-18,-53,-55,14,113,29,-94,-58,21,8,-92,-61,-17,-19,0,-22,-32,26,112,37,-6,45,59,-45,6,26,56,-54,-7,-7,11,-17,-11,-48,-89,63,-1,35,-27,26
1745343553.6318073,23,-64,870,-20,24,21,23,25,-19,-15,-27,-29,12,8,31,31,-4,-3,-32,-52,107,54,-38,4,36,46,-40,40,-2,-3,9,-8,-23,-78,69,-30,-38,11,50,-22,-12,42,36,-30,5,40,-2,-4,-2,17,-104,-6,-21,-53,-15
1745343553.9461498,2,-61,873,4,50,50,1,6,-49,-49,-12,-19,46,44,23,28,-42,-41,-33,-5,126,0,-108,-10,32,21,-116,4,-26,17,-21,-54,-8,19,121,-34,-10,47,18,-4,5,75,33,9,-16,36,17,25,-46,-75,-45,-13,27,-51,-27
1745343554.2278647,21,-64,876,-25,-16,-18,24,22,21,23,-20,-16,-26,-27,12,10,29,29,-10,-123,-28,53,50,-30,14,47,50,16,43,-14,6,16,-9,-92,-70,33,-45,-46,23,5,-28,-24,45,-21,-26,15,31,-3,-10,108,-15,19,-13,0,-54
1745343554.5248299,11,-60,879,-44,-23,-28,41,37,33,36,-34,-29,-40,-43,25,19,46,48,-15,-124,24,99,43,-32,6,104,42,21,11,9,15,26,-28,-114,-23,1,-70,-60,46,-5,-32,-45,62,3,12,-3,26,-2,43,92,-77,10,-33,1,-26
1745343554.824459,19,-64,882,18,25,27,-15,-12,-28,-30,8,5,30,30,-1,2,-31,-31,-2,114,54,-37,-69,29,-2,-31,-74,-11,-44,16,-13,-20,0,75,85,-46,38,50,-7,-13,25,39,-27,21,24,-3,-25,9,13,-112,-11,-23,8,-7,46
1745343555.1255853,30,-62,885,-34,-25,-29,31,26,33,35,-23,-19,-37,-39,13,9,41,42,-6,-119,-28,47,32,-33,15,62,29,2,35,4,5,15,-5,-65,-51,24,-30,-38,22,0,-24,-37,53,-7,-40,-15,42,4,-11,61,6,8,-1,12,-50
1745343555.4315917,15,-62,888,-40,8,3,41,41,1,6,-41,-40,-10,-15,39,36,19,21,-33,-76,94,96,-22,-15,23,104,-21,33,-15,22,9,10,-34,-110,52,-35,-59,-13,63,-22,-18,3,62,-4,22,13,12,-2,31,29,-109,-8,-30,-32,-16
1745343555.7363956,1,-61,891,-46,-13,-18,44,41,23,28,-38,-34,-33,-35,31,28,38,43,-24,-117,-44,100,34,-29,-22,102,57,25,9,15,20,26,-47,-119,-20,26,-26,-29,34,1,-4,-56,59,15,12,-30,35,36,35,65,-37,-24,-16,46,-38
1745343556.2210405,1,-62,896,-31,-32,-34,27,23,37,40,-19,-14,-42,-43,8,4,44,46,0,-79,-91,65,72,-13,-32,62,94,16,19,2,23,45,-27,-87,-74,35,-11,-40,16,3,-3,-74,25,6,17,-40,17,14,45,71,0,-13,-24,56,-13
1745343556.4311423,4,-60,898,-39,36,30,43,46,-26,-20,-48,-50,14,8,52,53,-2,3,-54,-79,81,76,-71,-26,15,96,-57,24,-14,24,5,-16,-48,-79,93,-25,-28,25,57,-16,1,26,73,10,-1,11,30,49,-4,-14,-89,-32,-1,-12,-46
1745343556.6234045,28,-62,900,23,36,38,-19,-14,-40,-41,9,4,42,42,0,5,-41,-42,-8,95,78,-35,-50,38,0,-48,-54,9,-40,-3,-2,-19,-5,37,83,-41,23,49,-4,-13,22,56,-39,-6,41,27,-39,-4,9,-67,-46,-14,-4,-36,44
1745343556.9236543,7,-59,903,-31,-46,-49,26,20,51,54,-15,-6,-55,-56,1,-5,55,55,9,-98,-58,69,83,-21,-18,58,92,12,24,-9,18,44,-8,-90,-79,28,-43,-72,27,5,-28,-72,30,2,6,-22,16,-6,47,101,-6,16,-31,34,-12
1745343557.2239957,3,-61,906,52,-10,-3,-53,-53,-2,-6,53,51,13,18,-50,-48,-23,-31,45,123,-31,-109,25,36,0,-121,6,-29,1,-22,-15,-7,54,111,-41,1,40,4,-59,9,7,15,-82,-13,-2,10,-40,-48,-17,-40,72,30,15,-20,49
1745343557.5232275,29,-62,909,-23,-36,-39,19,15,41,42,-10,-4,-43,-43,0,-4,43,44,7,-100,-68,36,47,-40,4,50,52,-11,40,2,4,16,5,-41,-78,40,-26,-46,9,11,-25,-55,41,6,-45,-29,40,7,-12,60,43,10,4,34,-43
1745343557.8197408,13,-61,912,35,-24,-19,-38,-40,15,10,42,43,-6,-1,-43,-43,-2,-5,41,14,-122,-73,66,8,-32,-77,68,-18,26,-16,2,3,40,75,-82,65,37,-20,-67,29,10,-32,-58,-9,-14,-20,-11,-24,-28,25,103,19,23,28,7
1745343558.1303825,24,-63,915,-13,34,32,17,21,-29,-27,-23,-26,24,21,30,32,-17,-17,-33,-2,124,34,-57,20,36,25,-61,41,-18,-4,7,-10,-23,-59,91,-51,-28,33,42,-30,-1,60,18,-37,22,47,-13,-10,3,-3,-110,-10,-18,-59,-1
1745343558.423111,7,-59,918,20,53,55,-15,-7,-57,-57,1,-6,57,55,13,19,-54,-53,-22,89,74,-56,-95,20,23,-38,-106,-8,-28,14,-14,-46,-2,66,98,-43,41,83,-14,-12,29,79,-13,0,-4,25,-11,16,-45,-102,-16,-22,25,-37,4
1745343558.7226834,5,-59,921,24,50,53,-19,-15,-54,-55,10,1,56,56,4,10,-55,-54,-16,87,77,-64,-88,17,27,-48,-100,-11,-27,11,-22,-49,2,77,87,-37,33,70,-26,-6,23,80,-13,-3,-6,32,-7,4,-48,-90,-11,-13,30,-44,3
1745343559.0245314,25,-63,924,-3,37,37,8,12,-35,-34,-16,-21,31,29,24,27,-26,-25,-28,37,124,10,-60,30,29,2,-66,33,-27,-3,5,-11,-22,-31,98,-55,-11,43,27,-29,7,64,0,-33,32,45,-22,-11,7,-22,-96,-11,-14,-56,10
1745343559.3234825,23,-63,927,-24,-25,-27,21,18,29,32,-15,-10,-33,-35,6,2,34,35,0,-112,-36,38,50,-39,8,41,48,5,44,-8,-5,22,2,-57,-85,47,-39,-47,17,12,-29,-34,45,-10,-46,-4,46,1,-15,98,38,20,-2,22,-50
1745343559.6274855,34,-63,930,-18,-43,-45,13,8,46,46,-3,1,-47,-46,-6,-12,45,42,16,-122,-31,45,30,-50,17,55,38,-10,30,-2,2,9,-4,-53,-50,25,-30,-38,30,9,-33,-48,44,19,-54,-28,32,19,-14,45,8,-1,-6,27,-42
1745343559.9195542,19,-64,933,-1,33,32,5,9,-31,-31,-12,-16,28,26,20,22,-24,-23,-22,84,95,0,-82,27,12,12,-84,5,-52,20,1,-11,-20,13,108,-74,12,55,19,-29,19,45,-2,3,44,11,-25,0,25,-81,-80,-21,-8,-37,31
1745343560.2334902,33,-62,936,23,-43,-40,-25,-30,38,34,34,38,-29,-24,-42,-44,19,14,44,-51,-116,2,57,-44,-27,0,70,-34,13,-4,0,6,5,9,-75,44,2,-47,-13,32,-15,-66,-10,55,-23,-44,0,24,3,18,48,2,-1,53,-4
1745343560.5292733,32,-62,939,-44,17,11,46,48,-5,2,-47,-47,-6,-11,46,44,17,19,-43,-58,113,41,-39,6,48,55,-46,35,15,3,1,3,-6,-66,39,-26,-37,19,43,-31,-12,37,56,-56,-20,30,34,-15,-18,30,-45,0,-2,-37,-37
1745343560.8230536,1,-61,942,43,9,13,-43,-41,-19,-24,37,35,27,30,-32,-28,-35,-38,25,126,0,-104,-7,37,13,-109,-37,-32,-4,-12,-16,-20,41,102,5,-19,42,15,-50,-1,8,44,-66,-13,-3,26,-39,-35,-20,-60,23,26,11,-39,40
1745343561.127004,30,-62,945,-31,-34,-37,27,22,40,43,-17,-14,-44,-45,9,2,47,46,1,-126,-13,50,28,-40,18,64,33,5,39,1,2,13,6,-59,-51,28,-40,-35,30,3,-31,-38,56,-7,-54,-17,44,5,-21,60,21,8,1,20,-48
1745343561.4415824,32,-62,948,29,-39,-36,-32,-37,31,27,40,44,-22,-16,-45,-47,11,7,47,-17,-124,-8,56,-34,-35,-16,69,-38,9,-3,-1,0,8,29,-68,44,14,-42,-22,35,-6,-62,-24,59,-12,-43,-12,23,7,0,53,0,2,51,8
1745343561.7242694,28,-61,951,8,-47,-45,-15,-20,43,41,24,29,-38,-33,-33,-38,29,25,40,-50,-121,5,60,-39,-23,5,74,-33,30,2,0,0,22,24,-85,57,4,-48,-15,32,-14,-72,-4,44,-36,-51,11,19,-8,10,79,5,12,57,-7
1745343562.0307748,14,-62,954,17,-37,-35,-22,-25,33,29,29,33,-25,-21,-35,-37,17,13,36,-66,-100,-8,97,-13,-32,-25,102,4,42,-13,4,12,40,7,-110,84,-8,-61,-38,33,-9,-52,-27,-14,-19,-17,4,-27,-22,64,78,21,10,34,-11
1745343562.331057,7,-59,957,15,54,55,-10,-4,-56,-56,-2,-11,55,54,15,21,-53,-49,-26,103,60,-72,-91,26,21,-46,-106,-17,-31,16,-10,-50,-12,75,84,-47,52,86,-28,-15,32,77,-12,-1,1,25,-10,14,-39,-86,-23,-18,21,-38,9
1745343562.6232166,25,-63,960,0,-37,-37,-3,-6,37,36,10,15,-35,-32,-19,-23,29,28,24,-66,-100,8,55,-38,-19,11,60,-19,38,2,-9,10,25,9,-91,57,-5,-47,-9,29,-15,-58,14,29,-41,-38,28,12,-13,33,86,11,11,49,-22
1745343562.9248378,2,-61,963,-14,-46,-48,8,3,48,48,3,8,-48,-47,-13,-17,45,44,22,-63,-97,49,94,-10,-38,16,115,14,34,-10,16,50,1,-52,-94,51,-12,-63,17,8,-9,-81,-4,3,7,-44,-3,-2,40,49,40,0,-29,52,11
1745343563.2231991,7,-59,966,27,53,56,-19,-13,-58,-59,7,0,59,59,5,12,-58,-56,-17,113,42,-78,-78,30,18,-57,-95,-19,-28,13,-13,-51,-3,80,84,-41,58,82,-41,-9,35,78,-24,-1,2,27,-17,10,-41,-90,-14,-17,24,-36,13
1745343563.5302374,11,-60,969,22,47,49,-17,-10,-50,-52,3,-2,51,51,6,12,-50,-47,-16,123,23,-72,-82,42,14,-68,-93,-27,-22,3,-6,-50,-12,82,84,-51,72,84,-27,-16,35,71,-22,10,0,23,-24,32,-25,-100,-13,-24,13,-22,26
1745343563.8340979,9,-59,972,33,-51,-45,-41,-46,39,35,48,52,-29,-22,-56,-58,15,8,58,-38,-123,-34,107,-3,-41,-52,103,-10,30,-12,-4,21,47,36,-115,80,10,-75,-63,39,-4,-62,-57,1,-1,-34,-13,-42,0,33,93,28,11,33,17
1745343564.1228013,31,-61,975,22,-45,-42,-27,-32,39,35,36,40,-31,-26,-43,-46,20,16,46,-47,-111,4,56,-41,-32,-4,73,-33,13,-2,4,-2,9,17,-68,49,8,-46,-11,33,-14,-67,-14,59,-24,-51,-6,28,0,1,54,0,4,47,4
1745343564.422635,2,-59,978,-48,29,21,52,54,-16,-10,-55,-56,4,-4,56,55,10,13,-55,-80,88,91,-69,-36,23,113,-40,31,-21,19,6,-7,-48,-85,74,-31,-54,40,68,-17,-5,14,88,4,-6,5,50,43,-4,33,-60,-26,1,0,-50
1745343564.7256727,27,-61,981,30,41,44,-25,-18,-48,-49,13,8,50,51,-3,3,-51,-51,-5,123,41,-48,-35,49,-11,-58,-47,0,-43,-5,4,-15,-20,41,76,-45,39,41,-29,-10,36,52,-55,-5,65,29,-52,-8,25,-63,-56,-13,-4,-35,42
1745343565.0311837,33,-61,984,-34,-46,-49,29,23,52,55,-16,-10,-56,-57,4,0,57,54,7,-123,31,59,7,-51,35,70,24,-2,32,0,0,4,2,-60,-34,17,-50,-19,53,-3,-46,-37,61,5,-75,-21,45,19,-28,48,4,0,0,18,-46
1745343565.3292263,1,-60,987,11,53,53,-5,1,-54,-53,-7,-15,52,50,21,26,-47,-46,-29,77,96,-43,-100,11,41,-10,-110,-15,-38,8,-14,-46,-8,37,103,-64,13,73,-21,-11,11,86,16,-6,-6,49,10,4,-39,-39,-49,2,26,-50,-13
1745343565.6225052,4,-59,990,-47,-42,-49,39,34,53,55,-30,-22,-59,-61,16,7,62,62,-2,-124,-8,105,48,-39,-15,86,79,39,18,-5,20,56,-19,-112,-44,30,-68,-52,81,-3,-32,-76,49,4,-4,-34,23,14,39,75,0,-3,-25,36,-31
1745343565.9326932,34,-62,993,43,34,39,-38,-33,-44,-46,29,23,50,52,-16,-11,-54,-51,5,89,-83,-49,22,34,-58,-66,6,-7,-30,5,-4,-5,-5,56,3,5,54,-5,-57,16,45,12,-64,21,73,7,-46,-6,36,-45,0,-1,-5,3,49
1745343566.231246,31,-61,996,-13,52,50,21,26,-48,-43,-32,-37,39,36,40,45,-30,-23,-46,94,70,-30,-44,58,20,-24,-66,28,-24,2,-1,11,-17,3,60,-53,14,49,-14,-36,25,68,-7,-61,43,54,-9,-36,9,-1,-53,2,-9,-45,12
1745343566.5273001,15,-61,999,-45,4,-1,45,45,6,12,-44,-42,-17,-21,40,37,25,26,-33,-24,124,65,-55,-23,56,87,-44,35,-23,13,2,49,-28,-80,57,-55,-67,18,70,-37,-26,10,53,-34,15,22,27,-20,25,47,-70,5,-14,-29,-20
1745343566.8266177,6,-57,1002,-31,62,57,39,46,-53,-45,-53,-59,38,32,62,65,-24,-17,-66,36,118,11,-109,20,63,42,-105,18,-18,23,-17,-20,-54,-5,108,-69,-9,85,35,-45,16,73,50,-27,-9,52,42,32,-19,0,-60,-21,0,-17,-22
1745343567.1291885,1,-58,1005,55,-28,-20,-58,-60,13,8,61,63,-2,5,-62,-61,-12,-16,60,77,-97,-80,76,36,-47,-108,52,-26,10,-38,7,-1,51,65,-73,25,50,-50,-53,26,11,-21,-92,2,34,0,-83,-39,14,-36,23,26,-8,-11,42
1745343567.4377723,7,-57,1008,-71,11,2,72,71,5,11,-70,-68,-20,-26,66,62,35,41,-55,-46,109,88,-57,-22,58,103,-39,26,-4,21,11,31,-59,-94,73,-51,-58,36,88,-45,-30,13,91,-12,-26,5,62,35,14,41,-49,-9,-21,-5,-31
1745343567.7303395,32,-60,1011,58,-24,-18,-60,-63,9,2,63,64,5,12,-62,-59,-20,-24,55,0,-125,-15,56,-29,-77,-39,67,-34,-29,-11,9,-7,-2,37,-51,47,33,-52,-22,53,13,-59,-55,86,40,-42,-58,24,37,-25,30,-6,0,32,30
1745343568.0279648,24,-61,1014,7,-49,-48,-13,-19,46,44,23,28,-41,-38,-32,-37,33,30,38,-83,-104,15,49,-63,-32,14,62,-38,29,4,0,-3,34,8,-88,66,-1,-48,4,44,-24,-71,19,66,-52,-67,17,32,-9,3,86,3,14,50,-10
1745343568.335168,6,-57,1017,-73,0,-7,73,72,14,24,-69,-66,-32,-39,62,56,47,50,-51,-74,104,101,-47,-32,48,111,-16,33,-1,19,19,40,-56,-104,57,-40,-67,27,96,-41,-34,-5,93,-7,-29,-12,60,35,18,52,-38,-9,-22,3,-33
1745343568.6260474,20,-62,1020,19,-38,-36,-23,-26,32,30,30,34,-25,-20,-37,-38,17,14,38,-69,-117,-9,59,-45,-38,-22,66,-36,34,-11,-4,-15,32,24,-95,77,18,-48,-17,48,-14,-54,1,59,-48,-50,6,30,-15,7,90,0,16,48,-7
1745343568.9346116,36,-62,1023,60,3,9,-59,-58,-17,-24,55,52,29,36,-48,-43,-41,-44,35,17,-122,-24,49,0,-84,-45,53,-6,-34,-11,5,7,4,36,-42,37,31,-51,-40,47,24,-36,-61,56,68,-15,-59,-3,43,-17,29,4,-2,20,30
1745343569.234284,15,-60,1026,49,-1,3,-50,-48,-10,-16,48,45,21,26,-42,-40,-29,-31,35,33,-122,-70,44,23,-63,-89,35,-39,10,-16,-2,-57,21,83,-50,47,74,-18,-65,39,33,-12,-58,44,-1,-16,-44,24,-18,-51,54,-10,15,27,23
1745343569.5357432,11,-59,1029,51,-37,-31,-54,-58,25,18,60,62,-10,-2,-63,-63,-3,-9,59,-56,-121,-34,90,-24,-82,-55,91,-19,28,-11,3,-26,79,49,-106,91,27,-68,-56,60,7,-54,-59,27,0,-44,-45,-22,-21,-22,64,3,19,32,12
1745343569.8322587,31,-60,1032,-41,-46,-50,35,28,55,57,-22,-13,-61,-61,6,0,62,59,5,-115,48,53,-8,-66,52,72,13,-17,44,12,7,0,20,-54,-19,16,-54,-1,56,-3,-54,-29,73,10,-100,-43,64,27,-41,30,34,1,10,18,-38
1745343570.1243155,5,-57,1035,-65,-20,-28,62,58,35,41,-54,-49,-48,-53,42,37,57,59,-29,-94,70,106,-18,-48,39,110,15,32,1,13,26,56,-46,-102,31,-10,-69,8,94,-23,-42,-33,83,6,-35,-37,56,30,20,54,9,-5,-15,9,-33
1745343570.4220908,19,-62,1038,18,-37,-34,-23,-26,32,30,28,32,-26,-22,-35,-37,18,14,35,-86,-79,2,56,-49,-35,-13,66,-23,40,-12,-1,-20,49,7,-92,76,0,-52,-7,45,-18,-47,3,49,-55,-46,6,25,-27,0,74,-2,17,44,-14
1745343570.7337868,2,-58,1041,54,31,37,-51,-46,-43,-48,41,35,53,57,-27,-21,-59,-59,17,118,-31,-110,-2,58,-17,-101,-47,-37,-10,-14,-24,-55,28,92,6,-11,63,2,-91,6,36,61,-72,-25,33,65,-48,-30,-15,-37,-37,19,11,-28,28
1745343571.0236444,35,-61,1044,-2,-65,-65,-5,-12,64,61,19,25,-59,-55,-34,-40,51,42,45,-124,21,51,12,-88,18,54,35,-32,10,3,8,-4,0,-47,-24,28,-48,-29,63,26,-54,-58,43,65,-77,-65,28,51,-13,15,27,-5,5,24,-31
1745343571.3208566,24,-61,1047,22,-43,-40,-27,-31,37,32,35,39,-28,-23,-43,-45,17,12,44,-75,-90,15,38,-62,-44,4,53,-41,24,4,-3,-29,40,20,-71,62,6,-47,3,51,-12,-68,7,88,-35,-70,0,42,-5,-34,68,-8,13,53,1
1745343571.626354,10,-58,1050,32,61,65,-25,-15,-67,-69,9,0,69,69,6,14,-68,-62,-22,113,-54,-82,-32,84,-28,-77,-54,-36,-15,8,-9,-101,-27,103,52,-25,84,55,-80,-17,63,71,-49,-19,31,59,-34,14,-25,-33,-43,-14,-2,-16,42
1745343571.9246416,8,-57,1053,60,39,48,-54,-49,-53,-59,42,36,61,65,-28,-21,-69,-68,10,90,-86,-92,9,59,-58,-94,-19,-37,-2,2,-17,-92,28,106,-6,13,80,5,-101,16,61,42,-78,-8,41,44,-58,-9,-28,-46,-31,-9,7,0,42
1745343572.2220385,7,-57,1056,-62,-32,-38,60,55,44,50,-49,-43,-55,-60,37,29,64,65,-20,-74,94,88,-16,-49,61,93,10,36,-1,1,20,86,-40,-105,15,-20,-74,11,101,-22,-56,-31,83,6,-43,-40,62,17,24,46,30,5,-8,-2,-39
1745343572.5239947,9,-57,1059,-49,53,47,55,60,-40,-34,-64,-67,26,19,70,72,-12,0,-70,91,98,2,-92,58,72,27,-92,9,-37,12,4,-8,-104,-13,110,-84,2,100,25,-66,5,71,52,-43,-11,54,52,28,0,38,-38,-2,-12,-44,-2
1745343572.8351858,29,-59,1062,-68,-3,-10,67,65,18,25,-63,-59,-34,-40,56,50,46,49,-43,-19,121,20,-52,-2,99,51,-50,26,47,9,-10,33,25,-50,23,-39,-47,51,35,-48,-42,41,75,-76,-89,23,87,-18,-55,55,18,16,7,-18,-43
1745343573.2253256,17,-61,1066,-39,33,28,42,44,-24,-19,-47,-49,14,7,50,50,0,3,-46,86,100,1,-61,42,65,23,-68,33,-38,8,3,59,-66,-30,91,-81,-9,58,17,-58,2,49,19,-65,35,43,21,-30,29,23,-54,12,-16,-53,1
1745343573.4344923,12,-58,1068,62,10,18,-60,-58,-23,-30,55,50,37,43,-46,-40,-47,-48,32,17,-126,-52,49,25,-92,-72,35,-44,13,0,-5,-96,35,88,-47,55,65,-33,-74,42,49,-5,-70,34,27,5,-61,15,-23,-46,4,-15,5,33,37
1745343573.730281,28,-59,1071,52,-45,-39,-58,-62,31,22,66,68,-14,-6,-69,-69,0,-8,65,-77,-91,26,50,-71,-72,2,68,-53,-10,4,8,-50,9,21,-52,65,0,-61,11,70,-1,-82,-23,116,6,-74,-40,50,23,-52,32,-17,11,44,18
1745343574.0240588,16,-60,1074,-16,-51,-52,11,4,53,53,1,7,-53,-52,-14,-21,50,42,25,-112,46,60,20,-81,19,58,46,28,42,-6,7,49,85,-75,-58,32,-77,-38,53,20,-57,-39,35,-7,-66,-39,28,-23,-31,35,37,12,16,16,-49
1745343574.3290815,9,-57,1077,27,71,74,-20,-10,-77,-77,1,-5,77,75,15,24,-73,-65,-33,120,-54,-78,-25,95,-33,-70,-55,-34,-26,12,-7,-104,-47,98,56,-28,86,58,-89,-26,71,78,-44,-34,39,73,-24,14,-22,-12,-50,-12,-7,-19,48
1745343574.6281035,11,-57,1080,66,-10,-2,-66,-66,-6,-12,65,64,19,27,-61,-58,-33,-40,48,-31,-121,-29,65,-9,-98,-57,58,-36,30,-1,-6,-76,76,72,-68,76,42,-59,-66,57,36,-26,-70,37,23,-10,-64,0,-26,-42,10,-13,10,44,27
1745343574.9443915,1,-59,1083,-23,-60,-62,14,8,64,64,-3,4,-64,-63,-13,-19,62,57,24,-122,-14,87,53,-66,-14,62,82,31,30,5,21,62,17,-55,-56,40,-53,-43,86,18,-36,-93,29,54,-17,-89,-2,19,21,-8,59,-18,-15,35,-16
1745343575.226632,16,-60,1086,53,9,18,-52,-48,-23,-29,45,43,33,37,-39,-34,-42,-42,26,7,-122,-46,43,17,-78,-67,29,-50,8,-3,-10,-99,4,83,-37,53,63,-26,-60,40,45,-12,-51,60,23,-4,-47,37,-7,-47,13,-21,4,37,37
1745343575.5220165,8,-57,1089,11,-76,-74,-20,-27,71,68,36,42,-63,-59,-49,-54,53,43,60,-125,-22,54,63,-90,-19,33,82,20,38,-15,1,73,80,-51,-91,62,-58,-91,52,53,-49,-91,-1,49,-13,-74,-18,-20,18,-18,52,7,9,39,-32
1745343575.822046,8,-57,1092,-24,71,66,35,40,-63,-57,-49,-53,53,44,61,64,-39,-26,-66,122,44,-40,-69,85,38,-15,-86,-10,-42,16,1,-50,-99,30,99,-73,44,102,-35,-62,35,87,19,-52,3,67,36,23,-11,31,-44,-4,-10,-43,23
1745343576.1317565,17,-60,1095,-47,-21,-27,43,41,31,35,-37,-31,-41,-44,26,20,47,45,-12,-40,120,50,-29,-33,71,68,-10,51,12,0,10,93,24,-90,9,-33,-73,12,60,-27,-52,2,49,-57,-44,-3,44,-38,-9,51,0,20,3,-26,-46
1745343576.4267647,13,-58,1098,-20,56,54,23,29,-51,-47,-36,-41,43,37,46,50,-32,-23,-51,122,15,-47,-46,85,29,-30,-69,-9,-45,5,0,-21,-103,30,88,-62,51,72,-25,-52,34,63,1,-29,33,53,11,19,20,3,-41,-2,-17,-39,31
1745343576.7356448,0,-59,1101,-5,-55,-54,0,-6,55,54,11,18,-52,-48,-25,-31,45,40,34,-114,-41,69,66,-56,-27,36,89,21,32,4,19,43,28,-27,-64,48,-34,-52,64,24,-22,-87,4,56,0,-77,-23,14,19,-22,53,-21,-18,36,-1
1745343577.0305338,9,-57,1104,-41,-57,-62,34,25,66,67,-19,-10,-69,-70,3,-3,70,65,13,-84,79,74,0,-75,53,73,30,39,15,-11,9,108,16,-96,-25,1,-82,-23,94,6,-69,-56,58,21,-45,-57,37,-8,22,22,43,11,4,2,-49
1745343577.3220072,1,-59,1107,29,52,55,-24,-16,-58,-59,8,3,60,60,2,9,-59,-55,-16,126,-9,-90,-34,64,0,-66,-69,-32,-23,-8,-18,-61,-8,56,44,-27,56,25,-86,-10,38,78,-41,-50,25,80,-8,-21,-15,-1,-57,21,10,-28,20
1745343577.6240811,30,-59,1110,73,-7,0,-74,-73,-11,-19,71,68,26,36,-64,-60,-42,-49,49,-43,-118,0,57,-29,-103,-31,60,-30,-42,-4,6,-37,-22,35,-36,62,26,-68,-10,66,34,-56,-62,97,74,-36,-73,27,51,-51,0,-22,0,29,28
1745343577.930182,14,-59,1113,47,33,38,-42,-38,-42,-46,33,27,49,53,-19,-15,-55,-52,7,50,-111,-57,28,55,-71,-72,6,-49,-10,2,-5,-103,-26,94,3,26,76,-3,-70,18,58,16,-55,31,43,24,-44,31,-3,-40,-15,-18,-5,16,49
1745343578.2452917,34,-60,1116,44,52,56,-38,-31,-61,-64,24,17,66,68,-9,-1,-68,-65,-7,43,-113,-37,33,52,-84,-54,16,22,-31,-5,-3,5,-10,45,-12,24,53,-39,-62,18,63,12,-69,-2,110,32,-64,-31,47,-22,-22,-5,-14,7,31
1745343578.5225067,27,-59,1119,-69,-1,-10,67,66,17,25,-63,-59,-34,-40,55,50,46,50,-40,0,119,8,-54,2,104,39,-50,35,49,-1,-11,51,33,-55,12,-45,-41,54,29,-51,-45,44,71,-81,-89,26,79,-22,-53,63,20,19,6,-21,-44
1745343578.8339171,29,-59,1122,-67,28,20,70,72,-11,-2,-72,-72,-6,-15,72,68,24,31,-60,74,99,-16,-54,51,96,12,-64,45,32,-2,-9,51,10,-31,38,-63,-9,67,-5,-70,-15,71,46,-109,-51,56,63,-43,-41,57,-5,22,-1,-36,-24
1745343579.127266,34,-60,1125,64,-24,-16,-66,-68,10,2,68,68,7,14,-67,-65,-23,-32,57,-94,-76,16,47,-59,-81,-5,55,-19,-33,-3,6,-9,-7,7,-43,57,-4,-73,14,65,5,-59,-39,101,46,-47,-57,33,48,-31,8,-15,-1,31,3
1745343579.430295,12,-58,1128,21,63,65,-13,-8,-66,-66,0,-8,66,65,15,24,-62,-55,-30,112,-60,-65,-1,96,-32,-67,-30,-40,-42,4,0,-87,-80,79,55,-20,80,41,-75,-20,65,59,-41,-10,51,61,-17,28,4,-10,-37,-9,-13,-19,56
1745343579.7230577,15,-59,1131,28,51,54,-22,-16,-56,-58,8,1,59,58,4,10,-57,-52,-17,100,-82,-61,7,82,-46,-68,-17,-42,-41,5,-1,-78,-84,81,48,-4,78,21,-66,-8,61,35,-45,15,65,41,-29,31,20,-26,-32,-13,-15,-7,57
1745343580.025567,4,-58,1134,57,-44,-37,-62,-65,30,22,68,70,-15,-6,-72,-72,-1,-11,68,-52,-109,-14,82,-40,-73,-43,74,-19,38,-16,2,-5,99,37,-75,71,8,-103,-12,58,0,-61,-68,43,42,-27,-78,-23,12,-60,6,3,-7,41,9
1745343580.3210945,31,-58,1137,-66,-39,-50,58,55,54,59,-48,-42,-65,-69,34,24,73,73,-11,-14,122,30,-50,-31,107,58,-31,-7,52,8,-2,9,35,-46,9,-39,-52,55,48,-35,-66,7,84,-30,-122,-15,82,10,-60,35,32,15,15,-10,-35
1745343580.6311731,21,-61,1140,-51,26,21,53,55,-14,-8,-57,-57,0,-6,56,56,12,18,-49,69,112,-5,-38,47,78,17,-44,61,-12,-13,13,94,-24,-67,52,-69,-18,52,8,-65,-15,61,22,-113,-7,48,32,-52,-5,48,-33,23,-7,-56,-22
1745343580.92195,3,-58,1143,-67,14,5,68,68,2,8,-68,-66,-18,-25,63,61,32,38,-53,-6,126,49,-68,0,76,72,-47,32,-28,15,0,39,-81,-61,43,-58,-37,86,52,-46,-25,19,89,-16,-60,-15,81,24,-6,58,19,-8,8,-29,-26
1745343581.2217238,21,-61,1146,-47,-27,-31,44,40,37,41,-35,-30,-45,-48,25,19,50,50,-11,-56,111,28,-25,-38,80,44,-12,45,44,-17,-4,69,66,-79,-31,-15,-67,21,47,-23,-59,12,63,-51,-97,-2,57,-23,-46,53,21,16,17,-13,-59
1745343581.5455415,23,-60,1149,60,0,8,-60,-58,-14,-19,57,55,25,33,-51,-46,-38,-43,36,-11,-126,-6,39,-6,-96,-29,38,-54,-29,16,6,-82,-28,74,-3,46,44,-46,-29,48,44,-46,-57,88,79,-28,-63,34,42,-61,-1,-22,-7,33,47
1745343581.8228548,33,-59,1152,36,-65,-59,-45,-51,54,48,57,62,-41,-32,-67,-71,22,10,70,-126,-1,45,26,-105,-28,33,48,-44,-14,2,8,-21,2,-13,-42,44,-44,-47,62,60,-38,-78,8,119,-25,-80,-18,59,16,-26,27,-15,12,28,-16
1745343582.1253936,33,-59,1155,48,-53,-47,-54,-59,42,34,63,67,-26,-18,-70,-71,8,-2,68,-118,-32,38,33,-94,-50,19,53,-38,-23,0,7,-21,-2,-5,-43,50,-30,-57,50,64,-23,-75,-10,119,-4,-72,-33,53,27,-32,20,-17,6,29,-8
1745343582.4491012,25,-59,1158,9,-63,-61,-16,-22,60,55,30,38,-51,-46,-43,-49,41,31,51,-120,-17,45,10,-101,-13,40,36,-50,41,16,-7,-50,62,10,-63,48,-36,-37,48,51,-39,-73,36,103,-66,-77,12,53,-19,-23,60,-14,16,52,-17
1745343582.7268007,33,-60,1161,52,49,54,-44,-37,-60,-62,32,25,66,68,-16,-9,-70,-67,-2,29,-118,-34,37,53,-90,-53,17,22,-38,-8,0,1,-21,42,-2,30,49,-47,-58,22,63,11,-74,-1,118,33,-71,-26,52,-19,-32,-5,-16,7,29
1745343583.0184453,14,-59,1164,-29,-54,-58,22,15,60,61,-8,-1,-62,-61,-6,-14,61,53,20,-96,87,59,-9,-88,49,67,16,44,45,-5,0,94,85,-80,-53,4,-78,-23,70,11,-62,-41,46,-4,-63,-51,23,-29,-15,16,32,12,16,6,-60
1745343583.329156,6,-57,1167,75,8,19,-73,-71,-26,-35,67,62,43,51,-56,-50,-57,-59,40,13,-120,-50,48,12,-94,-72,27,-45,21,-5,-10,-92,75,84,-26,56,53,-69,-82,45,49,2,-91,8,64,34,-76,-17,-14,-45,-40,-1,-1,35,38
1745343583.6235464,0,-60,1170,-24,-55,-58,16,9,59,59,-5,1,-60,-59,-9,-17,58,52,22,-122,18,87,27,-68,5,71,60,29,24,21,7,54,23,-24,-65,26,-61,-20,91,17,-35,-82,39,67,-23,-83,-2,15,9,-8,59,-29,-4,26,-26
1745343583.9324653,22,-59,1173,-48,-44,-47,43,38,53,57,-31,-24,-60,-63,17,9,64,61,0,-57,110,25,-28,-55,83,43,-11,28,61,-17,-14,53,89,-65,-51,-14,-73,25,51,-11,-74,4,76,-21,-120,-17,59,-6,-52,46,29,18,23,-5,-63
1745343584.2224195,32,-58,1176,56,53,58,-50,-45,-62,-68,36,26,73,75,-17,-10,-77,-73,-5,8,-118,-30,39,43,-100,-49,24,26,-41,-5,0,-1,-26,44,-1,41,54,-55,-54,22,75,4,-80,1,126,31,-72,-26,47,-25,-29,-14,-19,14,27
1745343584.540255,25,-58,1179,-30,-61,-65,23,16,66,68,-8,0,-68,-68,-9,-16,67,59,24,-73,84,34,-29,-75,67,49,-7,-11,61,1,-17,2,81,-28,-52,0,-68,17,59,14,-73,-28,76,38,-113,-44,51,24,-41,26,47,9,26,15,-48
1745343584.826875,28,-57,1182,-51,60,54,56,62,-48,-39,-67,-72,31,23,75,77,-14,-1,-74,114,13,-45,-24,105,41,-30,-48,60,5,-11,0,59,-22,-22,43,-61,42,49,-52,-80,23,89,-3,-126,1,73,22,-47,-11,37,-37,21,-21,-40,10
1745343585.1316605,16,-59,1185,-7,-66,-66,0,-7,65,65,16,22,-62,-59,-29,-37,54,47,41,-99,65,49,-3,-89,32,51,24,25,65,-15,-8,45,119,-47,-84,21,-82,-27,57,38,-62,-45,40,25,-77,-47,3,-20,-31,8,25,16,27,18,-63
1745343585.4209535,34,-59,1188,-49,-64,-68,43,34,74,76,-24,-16,-79,-80,7,-3,81,75,17,-4,121,29,-31,-48,98,45,-17,-38,22,3,3,2,8,-46,-2,-42,-59,54,59,-16,-82,-17,76,24,-121,-44,63,36,-35,21,24,16,19,-24,-24
1745343585.7215707,32,-58,1191,-1,79,78,9,18,-76,-73,-27,-35,70,66,42,53,-58,-47,-59,80,-79,-45,5,101,-39,-48,-15,48,-5,-3,-3,12,-20,27,32,-6,71,-6,-76,-42,70,63,-51,-93,76,74,-22,-48,9,3,-35,-1,-27,-2,30
1745343586.0257168,14,-58,1194,-50,-41,-49,43,40,52,56,-33,-27,-60,-63,19,11,65,63,-1,-21,108,26,-37,-37,86,49,-22,62,21,-12,1,119,43,-84,-24,-42,-66,21,61,-16,-69,-9,63,-19,-64,-42,33,-29,2,14,14,28,4,-31,-54
1745343586.331597,21,-59,1197,63,-38,-32,-66,-70,22,16,72,73,-9,-1,-74,-73,-7,-18,67,-105,-57,24,25,-82,-63,6,42,-70,16,21,-17,-115,36,79,-50,83,-11,-54,23,85,4,-80,-15,122,12,-42,-37,45,-2,-24,32,-30,24,61,-1
1745343586.6340277,24,-58,1200,4,74,74,3,13,-73,-71,-21,-27,69,63,38,44,-59,-49,-52,89,-63,-35,14,92,-44,-44,-7,30,-57,-5,21,26,-89,0,69,-21,73,-3,-63,-46,69,54,-64,-81,95,58,-24,-30,27,-11,-44,-5,-36,-22,45
1745343586.9303145,18,-59,1203,26,-59,-54,-33,-39,51,45,45,51,-39,-33,-54,-58,27,15,58,-101,13,33,14,-87,-8,25,36,-23,61,-8,-23,-48,113,19,-91,56,-58,-34,36,66,-35,-58,21,78,-51,-38,-15,9,-35,0,26,-3,37,44,-40
1745343587.2181468,17,-58,1206,32,-53,-48,-39,-44,43,38,49,54,-31,-24,-57,-59,17,6,59,-95,2,31,17,-77,-17,18,39,-20,62,-10,-21,-44,108,28,-84,61,-49,-40,28,66,-26,-56,9,69,-37,-29,-25,3,-34,-3,21,-2,38,45,-39
1745343587.523204,24,-57,1209,-77,-10,-18,76,73,28,35,-70,-66,-43,-51,59,53,58,64,-39,66,86,-12,-32,37,89,11,-37,61,23,-26,0,102,36,-77,-14,-79,-29,63,2,-66,-62,57,62,-83,-94,13,54,-27,-24,48,-14,45,-7,-51,-25
1745343587.828931,20,-58,1212,11,-68,-65,-20,-28,62,59,34,40,-56,-50,-46,-53,43,33,58,-79,53,26,0,-77,25,27,21,-8,69,-15,-29,-31,119,8,-94,39,-74,-12,46,58,-58,-54,43,72,-77,-40,-2,6,-38,12,31,8,44,28,-54
1745343588.1284668,25,-57,1215,75,-20,-12,-77,-79,3,-6,78,77,15,22,-75,-73,-30,-42,62,-92,-48,25,25,-72,-69,7,41,-63,-11,21,-3,-95,-2,68,-11,83,-8,-57,24,84,28,-77,-36,111,60,-31,-49,30,15,-41,26,-38,22,50,1
1745343588.4508133,0,-59,1218,73,-26,-18,-76,-78,9,0,78,78,8,17,-76,-74,-25,-37,65,-65,-105,-19,65,-34,-58,-38,77,-15,39,9,28,-47,72,106,12,93,11,-111,6,57,30,-69,-92,31,83,12,-92,-1,-13,-61,7,-9,-13,50,-22
1745343588.7319365,14,-57,1221,-46,52,45,53,58,-38,-31,-62,-65,25,16,67,69,-7,4,-66,93,2,-34,-12,78,23,-20,-38,11,-75,10,19,43,-120,-36,77,-67,52,54,-27,-77,13,66,9,-61,11,24,49,10,33,12,-12,0,-40,-49,48
1745343589.0211086,17,-58,1224,54,37,43,-50,-44,-48,-55,36,31,58,61,-24,-16,-63,-63,4,-16,-83,-11,29,6,-74,-34,18,-68,-18,26,-13,-117,-54,85,33,55,64,-31,-36,26,73,-10,-61,34,69,32,-27,36,-1,-20,-1,-44,0,48,41
1745343589.3222618,10,-57,1227,-61,-40,-47,57,51,53,59,-43,-35,-64,-68,28,21,70,71,-9,14,89,-1,-25,-3,80,30,-22,63,-25,-10,9,125,-10,-67,-25,-63,-58,49,60,-25,-80,-2,78,7,-60,-56,40,-17,28,11,24,30,-8,-65,-31
1745343589.6300693,3,-57,1230,-92,-2,-12,91,89,21,33,-86,-82,-43,-53,75,70,60,70,-54,40,96,21,-25,33,68,45,-44,28,-49,4,-11,89,-88,-82,-35,-98,-33,107,28,-67,-56,33,107,-8,-87,-46,82,6,24,54,23,15,-9,-76,17
1745343589.927903,27,-57,1233,60,60,68,-51,-43,-72,-77,37,26,81,83,-17,-8,-85,-82,-10,-25,-99,-7,32,14,-104,-29,27,-7,-55,13,12,-40,-69,41,49,61,67,-59,-31,19,97,-4,-87,-8,126,26,-54,0,27,-43,-27,-44,-21,30,29
1745343590.238694,10,-57,1236,-76,13,5,77,77,4,13,-77,-75,-21,-30,71,66,40,49,-59,71,49,-19,-18,57,58,6,-38,29,-65,0,12,82,-98,-69,27,-87,-2,78,10,-77,-39,55,59,-39,-50,-14,72,6,33,23,10,17,-30,-72,23
1745343590.5398173,1,-58,1239,-53,-73,-79,42,32,84,86,-23,-12,-89,-89,-1,-9,88,83,20,-64,93,45,4,-40,60,74,12,48,1,25,-14,102,28,-6,-108,-27,-101,41,108,11,-80,-71,99,75,-55,-100,6,-18,8,19,56,5,9,-58,-46
1745343590.8244574,27,-57,1242,-61,-60,-65,55,48,71,76,-39,-27,-81,-83,18,8,85,83,7,25,96,9,-31,-15,103,29,-27,4,57,-11,-13,37,69,-38,-49,-58,-65,59,31,-21,-94,4,88,8,-126,-29,55,1,-29,39,26,43,19,-30,-26
1745343591.1238103,30,-57,1245,49,73,78,-41,-32,-82,-86,18,8,88,87,2,9,-88,-81,-25,-8,-101,-20,25,43,-97,-36,18,25,-42,2,4,-13,-47,33,37,47,74,-54,-45,4,100,20,-85,-39,118,46,-53,-17,28,-23,-32,-35,-25,27,22
1745343591.4212494,13,-57,1248,62,-26,-17,-65,-67,8,2,68,67,6,13,-66,-64,-21,-31,57,-71,-29,24,18,-63,-44,4,36,-43,58,0,-18,-85,81,64,-40,73,-13,-54,5,72,17,-55,-34,58,23,4,-56,5,-33,-11,1,-15,34,58,-24
1745343591.7244675,22,-57,1251,81,4,13,-79,-78,-23,-33,74,69,42,50,-64,-59,-56,-63,48,-77,-54,8,21,-49,-79,-6,30,-65,-22,31,-6,-118,-36,87,21,83,19,-55,10,73,56,-56,-61,77,98,0,-47,31,16,-32,20,-47,15,50,10
1745343592.0294578,12,-57,1254,-73,8,0,74,73,7,17,-72,-69,-25,-33,66,62,39,49,-52,66,50,-22,-21,55,61,4,-37,60,-51,-2,18,105,-65,-78,22,-81,-6,62,7,-71,-41,49,54,-50,-42,-21,60,-11,35,12,3,24,-31,-68,12
1745343592.3283126,3,-57,1257,-37,83,77,48,58,-70,-63,-66,-72,55,45,79,82,-37,-22,-85,96,-8,-9,-17,81,-9,-22,-53,-31,-46,-10,-10,-35,-123,-75,53,-71,74,61,-87,-80,41,109,4,-80,-27,49,79,23,11,40,-35,-6,-23,-8,83
1745343592.626229,23,-57,1260,7,-90,-89,-18,-28,86,83,36,47,-78,-73,-54,-62,66,52,72,-48,93,18,-9,-79,64,30,2,-24,67,-6,-34,-37,112,24,-92,14,-94,14,59,65,-80,-68,59,100,-82,-49,2,14,-30,24,42,18,55,4,-51
1745343592.9246802,9,-57,1263,-35,73,67,44,52,-62,-56,-59,-64,50,40,70,74,-34,-19,-77,75,-33,-21,8,77,-20,-25,-26,-37,-64,9,7,-32,-126,-28,70,-52,73,49,-63,-80,43,84,-5,-68,-3,47,59,32,17,26,-12,-13,-35,-16,77
1745343593.2229717,11,-57,1266,63,-38,-32,-66,-70,24,15,72,73,-5,2,-74,-72,-11,-23,68,-76,-11,26,7,-71,-25,10,32,-20,75,-4,-17,-55,107,59,-48,78,-30,-61,18,83,8,-67,-30,56,23,-4,-65,-10,-35,-17,1,-6,39,53,-45
1745343593.5365183,2,-57,1269,97,-21,-11,-99,-99,0,-11,99,96,22,35,-93,-87,-48,-59,75,-70,-72,-14,20,-58,-52,-29,57,-17,53,3,24,-75,100,106,41,115,7,-114,8,84,40,-71,-104,25,91,36,-95,-1,-28,-61,-1,-16,18,71,-59
1745343593.8230329,30,-57,1272,75,-52,-41,-82,-87,30,22,89,91,-13,0,-92,-91,-10,-27,86,-94,25,20,17,-100,-27,15,30,-41,-20,5,-9,-48,22,44,-31,72,-59,-35,56,106,-11,-83,-13,122,27,-48,-43,25,13,-33,27,-22,44,13,-33
1745343594.127591,0,-58,1275,-9,-84,-84,1,-6,85,83,17,28,-80,-75,-39,-47,71,59,56,-78,54,29,22,-51,41,57,34,31,21,34,-8,53,79,62,-102,24,-98,-4,104,46,-59,-106,56,88,-7,-81,-46,-26,-10,1,54,4,17,-44,-62
1745343594.4335363,19,-58,1278,-65,28,19,68,70,-10,-1,-71,-70,-5,-15,69,67,21,33,-61,68,-2,-5,-14,65,29,2,-22,60,-40,-12,37,116,-48,-85,35,-76,22,32,-18,-82,-14,63,20,-91,-23,2,37,-28,25,11,-20,27,-44,-47,19
1745343594.7210426,10,-57,1281,0,-75,-76,-8,-15,74,72,25,32,-68,-65,-39,-46,60,49,55,-41,60,11,-19,-53,51,30,7,58,40,-12,0,73,97,-4,-69,6,-84,-12,69,46,-72,-62,46,54,-31,-64,-27,-36,-3,-12,19,30,21,-21,-70
1745343595.027099,2,-57,1284,101,7,21,-98,-96,-32,-44,90,86,54,64,-78,-73,-70,-79,59,-46,-90,-20,14,-42,-68,-45,47,-29,41,-5,27,-101,73,90,77,110,39,-110,-24,67,66,-32,-122,-6,95,66,-80,8,-27,-55,-21,-23,16,86,-36
1745343595.321972,26,-57,1287,21,-84,-80,-31,-40,76,70,49,56,-64,-56,-64,-69,49,36,76,-56,77,19,-9,-91,50,29,7,-46,42,1,-23,-45,76,38,-65,23,-88,10,58,71,-69,-72,41,116,-45,-52,-5,20,-15,1,47,7,53,4,-39
1745343595.6266453,29,-57,1290,-19,-88,-89,12,0,90,90,8,18,-88,-85,-29,-41,80,70,53,-2,94,19,-13,-58,87,29,-6,-33,40,-6,-10,2,60,-6,-60,-30,-88,42,45,23,-102,-42,71,79,-97,-55,27,18,-18,12,40,35,38,-23,-24
1745343595.9326131,19,-57,1293,49,-48,-43,-55,-59,37,29,63,66,-21,-14,-68,-69,6,-5,67,-54,33,9,9,-72,2,6,17,-45,51,0,-35,-84,83,65,-56,56,-49,-16,30,79,-16,-65,2,93,-4,-15,-35,15,-30,0,20,-6,51,27,-33
1745343596.2221973,6,-57,1296,-80,3,-7,78,78,17,25,-75,-71,-35,-43,67,60,52,59,-51,52,35,-7,1,51,46,13,-29,25,-49,3,-2,83,-81,-66,-29,-88,-10,77,1,-73,-45,44,72,-20,-68,-34,68,0,31,30,19,22,-30,-66,33
1745343596.5379767,25,-56,1299,77,40,50,-71,-65,-56,-63,59,51,68,75,-42,-34,-79,-83,16,-69,-60,4,13,-37,-93,-7,23,-40,-51,27,6,-73,-62,59,57,84,37,-55,3,51,85,-27,-77,24,124,20,-45,11,20,-44,-3,-57,2,38,6
1745343596.8244572,17,-58,1302,49,45,51,-43,-37,-56,-60,30,23,63,64,-17,-8,-67,-67,-3,-29,-48,-9,16,-5,-72,-20,11,-61,-37,31,-10,-106,-72,61,54,50,52,-29,-19,20,76,-2,-63,8,82,42,-11,36,5,-12,1,-49,0,39,26
1745343597.1334915,7,-57,1305,-34,74,71,43,51,-64,-58,-59,-64,51,43,70,75,-35,-18,-79,58,-31,-6,13,71,-30,-24,-23,-29,-52,1,-6,-39,-125,-56,47,-48,77,38,-68,-77,48,86,-12,-74,-8,47,64,27,17,27,-12,-18,-36,0,78
1745343597.4329226,27,-57,1308,67,-59,-52,-73,-78,44,33,84,87,-22,-12,-89,-90,2,-13,88,-81,45,17,3,-109,-6,21,18,-65,-2,13,-13,-72,34,64,-27,63,-67,-16,58,100,-22,-84,-3,124,23,-43,-39,26,5,-23,31,-16,50,9,-33
1745343597.7334976,3,-57,1311,95,11,23,-93,-90,-34,-46,83,78,54,62,-72,-63,-72,-79,50,-47,-64,-2,-2,-49,-70,-31,41,-27,29,-14,25,-108,63,63,90,101,38,-97,-12,69,68,-31,-110,-3,92,66,-70,13,-26,-35,-19,-31,28,84,-41
1745343598.0348682,12,-57,1314,4,-78,-76,-15,-22,74,71,31,39,-66,-64,-45,-54,56,43,63,-25,55,13,-18,-53,64,26,4,35,71,-19,1,52,120,16,-70,8,-79,-1,48,49,-73,-59,44,64,-42,-55,-42,-33,-19,-4,3,38,29,-15,-58
1745343598.3290467,1,-58,1317,-40,83,77,49,58,-71,-64,-65,-71,58,47,78,82,-40,-24,-86,76,-26,6,-9,78,-22,-32,-47,-7,-23,-33,-23,0,-106,-123,26,-67,81,41,-91,-82,39,124,1,-83,-45,37,88,17,30,18,-35,-14,-33,26,90
1745343598.726203,25,-57,1321,90,18,26,-87,-83,-37,-47,78,73,54,64,-65,-58,-71,-80,40,-89,-30,9,7,-71,-81,3,25,-51,-53,25,2,-84,-46,69,47,94,5,-51,27,81,65,-52,-68,50,121,11,-52,15,20,-36,8,-53,21,31,-16
1745343598.9228663,30,-56,1323,-20,-80,-81,12,2,83,82,7,15,-81,-77,-27,-36,74,64,50,8,77,10,-5,-46,83,20,-7,-42,28,-3,-4,2,41,-2,-50,-38,-72,43,28,14,-94,-32,62,82,-91,-54,19,22,-10,7,25,34,26,-31,-2
1745343599.22256,8,-57,1326,64,42,49,-59,-53,-55,-61,46,38,67,71,-29,-22,-74,-76,7,-32,-48,18,6,-30,-71,-20,19,-55,8,-10,-5,-122,-3,18,65,62,52,-57,-31,36,80,-2,-81,-20,74,70,-28,25,-16,0,-16,-40,15,68,0
1745343599.5221062,31,-57,1329,78,42,50,-71,-65,-59,-66,57,49,73,78,-40,-30,-82,-86,14,-67,-43,-7,9,-31,-95,-8,18,15,-49,4,-3,-31,-18,41,31,85,20,-53,14,63,82,-22,-69,11,126,25,-58,-13,23,-22,-12,-45,8,25,-27
1745343599.8339653,23,-57,1332,82,42,49,-78,-72,-59,-67,65,56,73,80,-48,-36,-86,-91,18,-87,-41,6,3,-55,-95,1,22,-44,-65,31,5,-80,-82,62,70,93,22,-54,15,65,86,-31,-81,18,126,28,-39,14,23,-34,11,-59,13,36,-12
1745343600.1331928,36,-59,1335,61,-61,-53,-67,-73,45,35,79,81,-27,-19,-84,-86,7,-5,85,-51,52,-5,14,-83,1,9,4,-10,-38,-13,-10,12,37,33,-50,33,-80,2,52,91,-45,-60,3,123,22,-51,-41,8,25,-17,15,3,41,-29,-36
1745343600.4332082,5,-57,1338,87,-16,-5,-88,-88,-1,-13,87,86,22,30,-83,-78,-41,-54,69,-62,-11,6,-11,-75,-28,-5,36,-19,39,-8,19,-95,86,70,61,100,-10,-76,25,93,33,-68,-71,34,80,31,-79,7,-29,-22,-10,-21,48,51,-68
1745343600.7310908,32,-57,1341,-19,-85,-87,12,-1,87,87,10,19,-86,-82,-32,-42,76,66,56,15,77,9,4,-50,83,13,-6,-46,10,-8,1,16,29,-8,-52,-45,-76,47,25,15,-103,-34,58,92,-84,-59,18,24,-1,5,24,37,25,-40,6
1745343601.0259142,30,-57,1344,11,86,86,-2,7,-86,-84,-16,-28,82,77,37,46,-73,-62,-58,-8,-77,-8,0,50,-84,-16,7,46,-23,4,4,-1,-40,-5,51,37,79,-42,-28,-24,99,36,-59,-89,76,57,-12,-22,6,-4,-24,-36,-27,36,-2
1745343601.3260384,25,-56,1347,8,-94,-92,-20,-28,89,87,37,50,-80,-72,-60,-68,65,51,78,-2,96,0,-6,-72,89,20,-11,-57,48,0,-25,-37,80,47,-67,-14,-99,39,43,58,-96,-62,55,115,-56,-51,-8,19,-13,13,32,33,48,-31,-20
1745343601.6210153,6,-57,1350,83,-28,-18,-86,-88,8,-3,88,87,11,21,-85,-81,-33,-44,75,-60,7,8,-15,-81,-11,2,33,-21,42,-9,18,-90,91,67,54,95,-22,-63,37,100,18,-74,-60,47,76,23,-81,4,-29,-15,-9,-16,53,37,-71
1745343601.9337926,3,-57,1353,53,-85,-76,-63,-71,70,61,78,84,-52,-42,-90,-95,29,13,97,-61,45,-9,-8,-83,34,29,39,10,24,19,31,-13,122,120,10,72,-92,-34,86,101,-45,-117,-2,89,46,-31,-88,-11,-31,-19,19,22,56,-29,-99
1745343602.2346966,12,-57,1356,-49,53,46,55,58,-42,-34,-63,-66,27,21,69,71,-11,1,-71,36,-43,-6,10,80,-41,-13,-12,34,-63,16,6,56,-103,-55,15,-43,56,10,-39,-81,32,70,-3,-81,-19,10,62,3,29,-4,3,-14,-47,2,44
1745343602.5301476,10,-57,1359,-68,41,32,73,77,-21,-13,-79,-80,2,-6,80,78,14,30,-74,57,-30,-11,12,92,-12,-9,-23,38,-54,15,-2,96,-95,-60,-22,-72,39,37,-39,-97,2,77,26,-70,-59,-10,76,-4,28,-1,6,1,-52,-14,57
1745343602.8342054,3,-57,1362,100,-25,-14,-102,-101,3,-9,100,99,24,34,-96,-92,-41,-60,79,-82,-9,1,-13,-92,-35,-5,50,-11,21,-11,37,-101,70,77,100,122,-14,-86,44,113,36,-85,-85,28,101,39,-85,17,-25,-27,0,-22,62,45,-96
1745343603.1275177,20,-56,1365,39,75,79,-29,-22,-82,-83,13,0,85,84,9,17,-83,-78,-33,-53,-63,3,4,6,-106,-7,17,3,-79,25,15,-18,-122,1,75,58,58,-49,-12,5,102,18,-77,-67,102,45,0,4,29,-25,5,-53,-11,40,-3
1745343603.432991,4,-57,1368,-95,14,6,95,96,3,15,-94,-92,-26,-36,89,83,47,62,-72,75,6,-6,16,85,34,6,-42,19,-27,12,-31,108,-64,-62,-92,-112,11,79,-37,-105,-38,76,78,-31,-95,-38,80,-17,24,19,4,25,-58,-50,84
1745343603.7421842,0,-58,1371,-35,82,76,45,50,-73,-66,-59,-68,57,49,74,79,-41,-24,-84,51,-55,10,0,82,-30,-38,-39,8,5,-36,-26,29,-86,-126,-2,-55,92,26,-89,-88,46,117,-4,-81,-54,21,78,11,35,-8,-27,-27,-50,52,91
1745343604.0263994,23,-57,1374,33,82,86,-23,-13,-87,-89,1,-8,88,86,16,25,-85,-77,-43,-51,-78,5,1,14,-106,-7,19,24,-70,16,21,4,-94,-10,77,63,70,-51,-13,-1,107,26,-71,-73,95,43,-4,-7,22,-30,-10,-53,-19,40,-8
1745343604.323882,15,-57,1377,-52,53,45,60,62,-41,-34,-67,-70,24,15,73,74,-6,7,-74,31,-54,-1,7,94,-38,-10,-5,60,-48,14,20,88,-78,-54,9,-35,61,0,-41,-86,37,68,-5,-90,-27,5,54,-7,28,-13,-2,-12,-50,16,35
1745343604.6345623,18,-57,1380,41,73,77,-31,-20,-81,-82,12,2,83,83,5,15,-82,-79,-31,-57,-55,3,0,0,-106,-2,11,-9,-80,31,4,-31,-119,7,66,62,54,-45,-10,9,106,15,-73,-61,94,48,7,19,25,-20,12,-56,-2,40,-14
1745343604.9228234,14,-57,1383,15,-75,-71,-25,-32,69,64,41,48,-59,-53,-53,-60,47,34,68,2,65,-5,-7,-58,86,9,0,-21,75,-22,-5,-28,115,40,-34,1,-73,21,34,59,-77,-57,39,92,-20,-33,-48,-12,-27,11,-5,37,37,-35,-22
1745343605.2289197,10,-57,1386,8,-81,-79,-18,-27,75,73,35,43,-67,-63,-51,-57,57,44,68,6,65,-7,-6,-28,92,18,4,20,62,-6,14,24,126,54,-26,-1,-83,15,43,53,-89,-61,46,91,-19,-52,-50,-20,-16,-3,-7,44,32,-44,-32
1745343605.5213811,16,-56,1389,-53,-52,-59,45,41,62,67,-32,-24,-71,-73,14,4,75,75,7,59,31,-5,0,37,94,1,-7,38,62,-24,12,79,99,-12,-51,-64,-31,39,-2,-34,-90,2,65,31,-91,-48,0,-27,-9,8,-14,48,-11,-32,21
1745343605.8206353,16,-57,1392,72,34,41,-69,-63,-49,-57,56,47,63,70,-40,-32,-73,-79,17,-70,-6,6,-1,-68,-80,0,8,-60,-51,19,-18,-97,-65,28,48,77,7,-39,15,68,77,-27,-63,2,102,49,-17,28,0,-1,15,-44,31,25,-33
1745343606.1204429,34,-58,1395,35,74,77,-26,-15,-81,-81,5,-4,82,81,12,22,-79,-73,-37,-36,-51,-8,-17,17,-72,1,6,35,-1,14,-6,-31,-18,20,51,66,49,-42,4,12,101,7,-48,-70,99,46,-25,-22,0,-7,-16,-35,-1,34,-36
1745343606.4317102,7,-57,1398,91,9,21,-89,-87,-29,-37,84,77,49,57,-71,-66,-63,-74,53,-74,3,7,-10,-96,-31,-9,26,-45,16,-23,10,-126,18,12,83,101,6,-58,16,101,57,-49,-76,15,104,55,-61,14,-14,2,-9,-37,52,43,-62
1745343606.729147,31,-57,1401,28,81,83,-19,-9,-85,-85,0,-9,85,83,22,29,-80,-73,-43,-33,-63,-6,-11,25,-86,-3,9,44,-20,7,-2,-15,-34,2,47,64,57,-45,-1,6,107,16,-54,-76,92,48,-18,-21,5,-8,-14,-39,-8,36,-32
1745343607.022098,14,-57,1404,-42,68,63,49,56,-56,-49,-63,-69,41,33,73,77,-23,-8,-80,24,-73,5,11,93,-65,-9,-2,57,-57,20,9,74,-92,-48,4,-19,76,-14,-45,-89,60,71,-17,-100,-18,12,58,0,25,-17,1,-27,-46,36,32
1745343607.3300056,25,-56,1407,-85,-32,-40,82,77,48,57,-70,-63,-67,-74,54,42,81,87,-28,94,12,0,0,74,86,-8,-17,19,71,-18,-4,53,51,-35,-57,-101,8,39,-34,-88,-71,37,61,-14,-126,-19,40,-4,-21,26,-8,42,-33,-10,45
1745343607.6249735,5,-57,1410,-94,-29,-40,89,85,49,59,-78,-71,-68,-75,62,54,82,91,-37,77,20,-5,10,78,55,26,-29,33,-7,33,-15,120,20,18,-108,-110,-42,76,0,-87,-90,33,101,20,-108,-71,46,-23,4,6,5,54,-49,-74,61
1745343607.9259984,24,-57,1413,93,17,28,-91,-86,-39,-49,81,72,61,69,-64,-59,-74,-83,44,-102,6,0,-1,-91,-73,9,15,-40,-68,24,-3,-72,-57,50,58,104,-19,-42,47,99,64,-54,-62,37,121,18,-42,14,17,-27,19,-42,45,4,-46
1745343608.2325673,8,-57,1416,68,54,63,-62,-53,-70,-76,44,35,81,85,-25,-17,-87,-89,0,-71,-21,1,-10,-76,-62,-22,6,-59,-12,-19,-10,-108,-66,-40,77,74,61,-57,-17,41,104,1,-95,-45,88,81,-17,28,1,3,0,-61,20,62,-27
1745343608.5221756,13,-57,1419,-77,8,0,78,77,10,19,-76,-73,-27,-36,70,65,44,54,-57,62,-39,6,13,106,5,4,-5,85,-18,7,23,126,-6,-35,-46,-75,22,29,-41,-96,-38,61,48,-42,-81,-40,54,-26,25,-10,-7,24,-50,-4,50
1745343608.8264585,6,-77,1422,8,0,0,-7,-7,-1,-2,7,7,3,4,-6,-6,-4,-3,6,38,-52,0,51,126,-29,-17,3,84,51,28,-25,-7,46,67,-49,40,-61,-13,-11,8,12,-4,11,-42,-19,-18,19,-15,-66,-32,29,12,72,10,-18
1745343609.132809,32,-61,1425,9,64,64,-4,2,-64,-63,-11,-20,61,58,27,34,-55,-50,-44,-118,-32,-8,-14,-24,-86,24,2,16,-40,11,7,-30,-85,1,40,39,18,3,26,10,71,5,-10,-28,98,1,-20,14,31,-6,-29,-12,-47,-1,0
1745343609.4377487,22,-62,1428,-39,9,6,40,40,-2,2,-40,-39,-8,-11,39,37,16,26,-32,74,-90,-3,39,114,-5,-48,17,87,52,-40,-16,60,64,-16,-48,-9,44,-12,-56,-59,-5,43,7,-61,-69,15,24,-29,-25,-8,1,14,-2,28,25
1745343609.7442148,36,-63,1431,-71,30,23,72,74,-17,-7,-77,-76,-1,-9,76,74,19,35,-69,36,-115,-4,2,84,-37,-27,10,29,19,6,-2,45,-25,-47,30,-26,61,-35,-24,-90,17,43,5,-107,-50,40,45,-10,14,15,-2,43,-8,3,4
1745343610.0253336,4,-69,1434,-1,28,28,3,6,-27,-26,-9,-13,25,23,16,19,-21,-15,-24,-40,-81,25,-20,16,-123,2,-4,22,-44,-23,-13,25,-70,-117,-35,-1,-3,-44,-1,-7,48,16,-22,-55,30,15,24,-29,41,23,13,28,39,0,-20
1745343610.3212187,5,-62,1437,37,31,36,-33,-28,-40,-43,23,19,46,47,-12,-7,-49,-49,-3,-99,-27,21,-13,-75,-101,-3,11,-15,-40,-28,3,-34,-45,-76,50,21,0,-41,16,33,56,6,-45,-30,59,41,4,0,24,8,1,26,12,-1,-3
1745343610.6235766,23,-63,1440,-40,0,-4,40,39,9,14,-37,-35,-18,-22,33,30,26,33,-23,104,-62,-16,33,121,23,-50,-4,76,70,-33,-30,47,73,-7,-47,-23,28,8,-48,-44,-24,39,26,-37,-70,6,23,-29,-21,-1,2,22,13,13,29
1745343610.9275656,11,-66,1443,4,29,29,-2,0,-29,-29,-4,-9,27,26,11,14,-25,-20,-21,-57,-84,28,15,18,-123,0,34,57,-102,-13,16,96,-55,-57,-38,17,-5,-51,-17,-15,40,28,-30,-66,19,19,19,-31,18,11,27,-11,29,20,-17
1745343611.230829,32,-64,1446,-18,47,44,23,28,-43,-38,-33,-37,34,29,41,44,-24,-13,-51,-32,-119,12,16,54,-96,-13,36,76,-26,-13,3,76,-24,-26,14,17,37,-61,5,-42,52,25,-38,-119,37,60,-10,-43,13,18,13,27,-10,24,-17
1745343611.5447092,34,-65,1449,19,49,51,-13,-6,-53,-53,0,-4,52,53,10,18,-49,-46,-28,-101,-59,15,-1,-22,-91,15,30,34,-44,0,8,23,-60,-4,41,39,22,-46,46,-2,69,-7,-46,-67,102,42,-47,-15,29,19,-3,8,-32,6,-29
1745343611.8201568,36,-65,1452,37,-45,-41,-41,-47,35,28,51,54,-24,-17,-56,-58,11,-2,60,-2,112,-10,1,-56,55,8,-21,-36,-7,-5,-11,-56,26,44,-36,0,-45,65,8,61,-37,-32,26,126,1,-61,-17,29,-12,-10,-8,-35,6,-25,13
1745343612.125727,32,-64,1455,3,-52,-52,-6,-13,50,48,19,24,-45,-41,-31,-35,37,29,44,68,100,-17,-8,-16,106,0,-35,-65,39,10,-5,-56,39,14,-23,-29,-31,53,-24,23,-62,-11,41,100,-68,-51,24,30,-22,-15,-4,-20,21,-14,22
1745343612.4232516,2,-69,1458,14,-21,-19,-17,-19,17,15,21,22,-12,-9,-24,-25,6,0,24,-76,37,-8,-18,-94,3,0,5,-24,0,3,29,-64,-10,12,125,-10,-6,2,63,33,-19,-39,-16,35,41,11,-23,50,31,9,-9,49,-48,-26,-12
1745343612.7242694,24,-64,1461,23,23,26,-21,-17,-29,-30,14,10,32,33,-5,-2,-33,-34,-7,-119,-21,39,-19,-75,-93,40,30,-11,-108,1,44,19,-99,-43,41,28,-3,-34,43,17,41,-15,-35,-11,89,2,-27,2,45,4,-9,-1,-30,2,-33
1745343613.0290341,3,-69,1464,-17,-18,-20,15,13,21,23,-10,-7,-24,-25,5,2,25,24,3,29,72,-22,4,0,95,1,-2,9,39,26,2,-22,74,125,15,-8,5,66,6,-8,-40,-21,38,48,-31,-26,-12,39,-42,-15,-10,-28,-55,-18,25
1745343613.334489,31,-63,1467,45,-17,-13,-47,-48,7,1,48,48,4,8,-48,-47,-15,-26,42,-63,101,5,-24,-107,21,36,-14,-66,-40,11,10,-61,-33,20,11,13,-35,37,39,62,-3,-41,4,97,59,-37,-35,36,17,-1,-19,-27,-13,-24,-8
1745343613.6243992,20,-65,1470,-22,-21,-24,19,17,26,28,-14,-10,-30,-31,7,3,31,32,6,120,11,-29,33,85,95,-49,-17,30,117,-20,-43,-15,113,41,-50,-19,9,29,-42,-19,-38,14,32,2,-83,-4,13,-12,-55,-10,-1,8,18,6,32
1745343613.9212956,25,-65,1473,25,-24,-21,-28,-29,18,13,31,33,-9,-5,-34,-34,2,-7,34,-31,121,-15,-40,-104,73,34,-39,-114,4,44,2,-99,-25,38,47,0,-27,42,35,42,-19,-37,15,93,17,-32,-3,50,-1,-13,-11,-32,-3,-30,-5
1745343614.2325525,30,-64,1476,-41,20,15,43,43,-11,-6,-44,-45,1,-5,45,44,12,20,-41,58,-103,-1,27,109,-34,-37,20,80,33,-18,-12,67,37,-17,-22,-8,32,-40,-37,-57,9,39,-8,-103,-45,43,26,-42,-16,6,21,29,12,27,5
1745343614.5207186,34,-65,1479,44,32,38,-39,-35,-42,-46,29,23,49,51,-18,-11,-53,-55,0,-120,-2,6,-10,-67,-67,28,14,6,-52,6,1,-20,-59,24,33,44,-3,-11,65,37,59,-29,-33,2,126,14,-60,5,35,12,-12,-3,-37,-12,-28
1745343614.8308053,17,-69,1482,15,-14,-13,-16,-18,11,8,19,20,-6,-3,-21,-21,1,-5,22,-14,106,-32,-12,-98,85,4,-43,-121,41,35,-32,-125,-11,50,46,-7,-5,38,24,28,-14,-26,10,68,0,-3,-4,56,-18,1,-20,-5,3,-29,12
1745343615.1349804,10,-69,1485,-2,21,21,5,6,-20,-19,-10,-11,18,16,14,15,-14,-10,-20,-63,-68,21,-12,-35,-114,24,8,-38,-105,11,14,35,-122,-87,0,-5,5,-46,3,-17,34,17,-32,-43,35,25,15,-10,46,31,5,13,24,13,-29
1745343615.4289773,33,-66,1488,44,-12,-7,-44,-45,2,-2,44,45,8,13,-42,-40,-19,-29,36,-68,95,-6,-10,-92,13,22,-18,-45,-33,7,-5,-63,-20,39,3,20,-27,51,35,61,2,-35,10,97,58,-44,-30,39,10,-9,-21,-36,-20,-30,0
1745343615.7267644,13,-70,1491,5,-15,-15,-7,-8,14,12,10,11,-11,-10,-13,-14,8,4,18,49,74,-20,9,7,112,-24,-15,-5,116,-9,-30,-65,98,71,2,5,-1,40,-2,16,-21,-15,21,33,-30,-8,-12,12,-46,-26,-13,-3,-10,-13,21
1745343616.0320778,33,-66,1494,-48,-10,-17,46,44,23,27,-41,-37,-31,-37,34,28,40,47,-19,114,-48,-2,16,93,38,-34,4,23,56,-10,-2,46,54,-28,-27,-34,18,-24,-63,-57,-36,41,12,-59,-110,22,57,-27,-33,-8,24,20,36,25,20
1745343616.3336022,31,-65,1497,2,-43,-42,-7,-11,42,39,17,20,-38,-35,-26,-29,32,25,37,67,98,-19,-4,-17,106,-9,-35,-59,51,10,-12,-57,53,26,-17,-20,-23,51,-31,19,-55,-4,38,86,-77,-44,31,33,-35,-29,-4,-31,24,-15,28
1745343616.6323595,20,-68,1500,15,-18,-15,-18,-20,13,11,21,22,-8,-6,-23,-24,3,-3,26,11,111,-45,-10,-68,95,-4,-51,-99,62,36,-36,-118,17,66,31,-5,-9,51,10,30,-20,-19,21,76,-24,-12,5,57,-31,-8,-13,-19,9,-32,20
1745343616.9210162,25,-67,1503,-24,9,7,25,26,-4,0,-26,-26,-2,-5,25,25,8,16,-22,54,-104,14,36,109,-45,-30,34,107,8,-41,-3,97,40,-33,-57,-8,16,-39,-37,-38,5,29,-14,-86,-23,32,0,-57,-6,18,18,33,13,32,3
1745343617.2486248,34,-66,1506,-48,7,2,47,47,1,7,-47,-46,-13,-17,44,40,23,33,-35,75,-87,9,5,87,-3,-19,16,32,33,-5,8,60,18,-44,-4,-25,28,-49,-41,-63,-8,36,-6,-94,-69,39,40,-35,-12,7,22,36,24,34,1
1745343617.532662,34,-66,1509,48,-8,-2,-48,-49,-3,-9,47,46,15,18,-44,-41,-25,-33,36,-78,88,-9,-8,-89,4,22,-15,-32,-36,6,-7,-61,-20,45,3,25,-27,51,41,64,8,-37,6,95,70,-42,-40,35,12,-6,-23,-35,-26,-33,-1
1745343617.8294735,9,-70,1512,16,8,10,-15,-14,-12,-13,13,11,15,16,-10,-7,-17,-19,1,-89,14,2,-26,-109,-24,19,-14,-106,-12,13,1,-93,-92,-54,76,2,7,-28,47,21,30,-24,-34,8,53,26,-19,31,35,25,-24,29,0,-17,-34
1745343618.1287022,18,-69,1515,20,2,4,-20,-19,-7,-8,18,17,10,13,-15,-14,-14,-20,9,-79,63,-20,-32,-115,-3,30,-32,-114,-38,48,0,-89,-84,9,69,0,-4,14,42,28,10,-25,-7,55,38,-4,-4,60,22,11,-17,-11,-5,-31,-12
